id,value,feed_id,created_at,lat,lon,ele
0F6BZ7MJHEPW8KAF4AJ8150QDT,24.9,2409790,2022-12-16 05:40:20 UTC,,,
0F6BZA4SWRR25MBM9ZSEC4Q9H6,24.7,2409790,2022-12-16 05:44:43 UTC,,,
0F6BZAF9ZBD8YBCRSH4MVBE0WX,24.5,2409790,2022-12-16 05:45:18 UTC,,,
0F6BZASSRRQEGMAT9Q1NHJ3JD7,24.5,2409790,2022-12-16 05:45:52 UTC,,,
0F6BZB4E4RZGH6Z51JR0TJK0WZ,24.4,2409790,2022-12-16 05:46:27 UTC,,,
0F6BZBEXCYFN74MAQBTFCGFSZV,24.3,2409790,2022-12-16 05:47:01 UTC,,,
0F6BZBSCMXQCFRHR8MVG8HCXMN,24.3,2409790,2022-12-16 05:47:36 UTC,,,
0F6BZC3VKXXR1W6V2ED12E6PEE,24.3,2409790,2022-12-16 05:48:10 UTC,,,
0F6BZCE9Q0T6GQPAF1P5YETRD2,24.3,2409790,2022-12-16 05:48:44 UTC,,,
0F6BZCRSN86RDWGMNAZP69HTVX,24.3,2409790,2022-12-16 05:49:18 UTC,,,
0F6BZD391GQWR7JQARDZSSHDMP,24.3,2409790,2022-12-16 05:49:53 UTC,,,
0F6BZDDY69RGJ9DE244NHV1W0T,24.2,2409790,2022-12-16 05:50:28 UTC,,,
0F6BZDRERGJ6JNTRGP72EGG8Q9,24.1,2409790,2022-12-16 05:51:02 UTC,,,
0F6BZE2XEBBD14GWEFC822AEBQ,24.1,2409790,2022-12-16 05:51:37 UTC,,,
0F6BZEDCGS5TXS494BWS3DNQVR,24.1,2409790,2022-12-16 05:52:11 UTC,,,
0F6BZEQVF3F0ANE1Z639WQ1XGS,24.2,2409790,2022-12-16 05:52:45 UTC,,,
0F6BZF2DRMQQ03PFH5P43KTZZD,24.1,2409790,2022-12-16 05:53:20 UTC,,,
0F6BZFCYJTQPNQVXFFPRE7AVJP,24.4,2409790,2022-12-16 05:53:54 UTC,,,
0F6BZFQEBMFJCZT76PNNERFYY5,24.4,2409790,2022-12-16 05:54:29 UTC,,,
0F6BZG1XFWWS802SMHCANTB9HR,24.3,2409790,2022-12-16 05:55:03 UTC,,,
0F6BZGCF5F0MR19HBD339ZZF6H,24.3,2409790,2022-12-16 05:55:38 UTC,,,
0F6BZGPZAK26G6504T22WZ3C1N,24.4,2409790,2022-12-16 05:56:12 UTC,,,
0F6BZH1GNGNTKQXCPQSNW9Y9RQ,24.4,2409790,2022-12-16 05:56:46 UTC,,,
0F6BZHCA65JM9CF5YZ4G1S7AEN,24.4,2409790,2022-12-16 05:57:22 UTC,,,
0F6BZHPVKVRD69CECDYMDXJE43,24.5,2409790,2022-12-16 05:57:56 UTC,,,
0F6BZJ1ARFR0119AR0TC5EZ04Y,24.5,2409790,2022-12-16 05:58:31 UTC,,,
0F6BZJDBA336B8X1Q1F0FN3W0J,24.5,2409790,2022-12-16 05:59:10 UTC,,,
0F6BZJQVXHC3F8FPD1JH3714RB,24.4,2409790,2022-12-16 05:59:45 UTC,,,
0F6BZK3ZPW56F06AXWPMVBNE6B,24.6,2409790,2022-12-16 06:00:24 UTC,,,
0F6BZKETMP2R97STJ64SAADRDF,25.1,2409790,2022-12-16 06:01:00 UTC,,,
0F6BZKSAHP9M72B64HYCY0A7CM,25.8,2409790,2022-12-16 06:01:34 UTC,,,
0F6BZM3R9WNEWBW6JYJE8542SM,26.5,2409790,2022-12-16 06:02:08 UTC,,,
0F6C0NHCFGSNAAK88XDA506SZE,28.6,2409790,2022-12-16 07:00:33 UTC,,,
0F6C0NVV86PJQYSVXMHSE75PT5,29.0,2409790,2022-12-16 07:01:08 UTC,,,
0F6C0P6A8DVY35PGKCD61H42MN,29.2,2409790,2022-12-16 07:01:42 UTC,,,
0F6C0PJJHWVMQYT53PDE876RJS,29.5,2409790,2022-12-16 07:02:22 UTC,,,
0F6C0S0AWA4G8Q6FZMH6NVZ25V,30.1,2409790,2022-12-16 07:06:37 UTC,,,
0F6C0TA73AZGAJ5Y4J16RRHVTC,30.4,2409790,2022-12-16 07:08:54 UTC,,,
0F6C0THXM4MQAC2KWN488MRGTW,30.4,2409790,2022-12-16 07:09:19 UTC,,,
0F6C0VE28PTMH7VS7111CE3K1S,30.5,2409790,2022-12-16 07:10:52 UTC,,,
0F6C0VQ1459H29JCJ1XT21N8C3,30.6,2409790,2022-12-16 07:11:21 UTC,,,
0F6C0VT394QZP2S28Y0AP4SSBH,30.6,2409790,2022-12-16 07:11:31 UTC,,,
0F6C0WR0K2ZQGVW673E4SXHYEH,30.9,2409790,2022-12-16 07:13:09 UTC,,,
0F6C0X117KH53P2K2V20F5YXEW,30.9,2409790,2022-12-16 07:13:39 UTC,,,
0F6C0XA0SZ96HBDBK9VYBRDT5S,31.0,2409790,2022-12-16 07:14:08 UTC,,,
0F6C0XK2SES9DW2N1V5EFQCM2B,30.9,2409790,2022-12-16 07:14:38 UTC,,,
0F6C0XW4HGYBR4AEQS4E8Q4CFA,31.1,2409790,2022-12-16 07:15:07 UTC,,,
0F6C0Y55ZM6DCXQJRZDART3AR1,31.1,2409790,2022-12-16 07:15:37 UTC,,,
0F6C0YE7H31N9BD3WYV4EPFR2Z,31.1,2409790,2022-12-16 07:16:07 UTC,,,
0F6C0YQBM6EVV1C6X9D1P453FJ,31.3,2409790,2022-12-16 07:16:37 UTC,,,
0F6C0Z0CQE8BRGMETXZG0T39G0,31.3,2409790,2022-12-16 07:17:06 UTC,,,
0F6C0Z9EEV1TR9SCECERQM8T8P,31.3,2409790,2022-12-16 07:17:36 UTC,,,
0F6C0ZJEVM9KK65JYMEXDBMQXE,31.2,2409790,2022-12-16 07:18:05 UTC,,,
0F6C0ZVEP22YJ7BF3DZRJWBVG1,31.3,2409790,2022-12-16 07:18:35 UTC,,,
0F6C104EP7J5DVMA60GSTX69ZW,31.2,2409790,2022-12-16 07:19:04 UTC,,,
0F6C10DFV3P1KHZ9TTSKGWJNXX,31.1,2409790,2022-12-16 07:19:34 UTC,,,
0F6C10PG88SPRX692AK7K76RQP,31.1,2409790,2022-12-16 07:20:04 UTC,,,
0F6C10ZHPEAPQY0V3G27Y7D39S,31.2,2409790,2022-12-16 07:20:33 UTC,,,
0F6C118J3ERQSP805SF1GGHKQ9,31.3,2409790,2022-12-16 07:21:03 UTC,,,
0F6C11HJK00J8F3NHRGDG8V0YP,31.3,2409790,2022-12-16 07:21:32 UTC,,,
0F6C11TK98WW21ZWX0X27F0T09,31.3,2409790,2022-12-16 07:22:02 UTC,,,
0F6C123RPV6VMC0ZP7DYGK71QK,31.4,2409790,2022-12-16 07:22:32 UTC,,,
0F6C12D5YNFBB8JQ8YCE76QBDH,31.5,2409790,2022-12-16 07:23:03 UTC,,,
0F6C12PBFEENVDQR5EDQCCCS8V,31.4,2409790,2022-12-16 07:23:33 UTC,,,
0F6C12ZC84DMB655ZZ8WDF6148,31.5,2409790,2022-12-16 07:24:02 UTC,,,
0F6C138EC6VVJ9KZRBPTJFF6F4,31.5,2409790,2022-12-16 07:24:32 UTC,,,
0F6C13HFY26FHFFDHE3VQ6VA96,31.5,2409790,2022-12-16 07:25:02 UTC,,,
0F6C13XKBT73VPDRD2DER2BA1G,31.5,2409790,2022-12-16 07:25:41 UTC,,,
0F6C146K9ZF7RA1KY7CCTD81P1,31.5,2409790,2022-12-16 07:26:11 UTC,,,
0F6C14H61HS7R1NCZPZ33D3KMC,31.5,2409790,2022-12-16 07:26:46 UTC,,,
0F6C14T8773JA5249FDTZ93X1Z,31.5,2409790,2022-12-16 07:27:15 UTC,,,
0F6C1537P5KCAGF65HDB7S4K9Y,31.5,2409790,2022-12-16 07:27:45 UTC,,,
0F6C15C8QM46JWYKEPEE84V2NJ,31.5,2409790,2022-12-16 07:28:14 UTC,,,
0F6C15NAS6WJ66ASC4BAMSZFWX,31.5,2409790,2022-12-16 07:28:44 UTC,,,
0F6C15YDTXY91JBPEVNGMEZ3RK,31.6,2409790,2022-12-16 07:29:14 UTC,,,
0F6C167DHCACXGQ0GJ94DB0YT5,31.6,2409790,2022-12-16 07:29:43 UTC,,,
0F6C16GDM4SNHSXTTE6J81TEP4,31.6,2409790,2022-12-16 07:30:13 UTC,,,
0F6C16SGNKZ01SQABNN58BDYYT,31.6,2409790,2022-12-16 07:30:43 UTC,,,
0F6C172H3Q6CMN8ZHPG7ZH89DQ,31.6,2409790,2022-12-16 07:31:12 UTC,,,
0F6C17BJKGC1RE163QMKZ6PNWE,31.5,2409790,2022-12-16 07:31:42 UTC,,,
0F6C17MM0W7DDSV3MS5QAQ7AY3,31.4,2409790,2022-12-16 07:32:11 UTC,,,
0F6C17XN9J4416VMKVFFT1V59S,31.5,2409790,2022-12-16 07:32:41 UTC,,,
0F6C186QBTWYP8P35CAFEA725Y,31.5,2409790,2022-12-16 07:33:11 UTC,,,
0F6C18FSD4WS0FE0KVM8W43WK5,31.6,2409790,2022-12-16 07:33:40 UTC,,,
0F6C18RT298Q1E4B1DZ28MNH58,31.6,2409790,2022-12-16 07:34:10 UTC,,,
0F6C191SQJYTK0G8C3BSP0EQ9E,31.6,2409790,2022-12-16 07:34:39 UTC,,,
0F6C19ASWGF9RSA957P8XGFVHV,31.6,2409790,2022-12-16 07:35:09 UTC,,,
0F6C19KV3K299FK8XNZ2449802,31.7,2409790,2022-12-16 07:35:39 UTC,,,
0F6C19WWP17B525D9K8RYSME5C,31.7,2409790,2022-12-16 07:36:08 UTC,,,
0F6C1A5Y41SJNST6D196NCQRXK,31.7,2409790,2022-12-16 07:36:38 UTC,,,
0F6C1AF0BD337YCVMM6ZVZKG6Z,31.7,2409790,2022-12-16 07:37:08 UTC,,,
0F6C1AR0HCSE4CAV2SBCEX84H2,31.6,2409790,2022-12-16 07:37:37 UTC,,,
0F6C1B11DREM3Q6WVSBZQTKBP9,31.8,2409790,2022-12-16 07:38:07 UTC,,,
0F6C1BA0SD0NNVCR1T9QN257D2,31.9,2409790,2022-12-16 07:38:36 UTC,,,
0F6C1BK01G6064Y7CV2QD8XEXB,32.0,2409790,2022-12-16 07:39:06 UTC,,,
0F6C1BW23FNH96M93HBFVFQ1CK,32.1,2409790,2022-12-16 07:39:35 UTC,,,
0F6C1C51XYR4GGPKMPW1FT8SKG,32.2,2409790,2022-12-16 07:40:05 UTC,,,
0F6C1CE29YHQQ6BE6EQX0C1QJG,32.2,2409790,2022-12-16 07:40:34 UTC,,,
0F6C1CQ2CN6FPNY6Z5BZM4HNJ7,32.2,2409790,2022-12-16 07:41:04 UTC,,,
0F6C1D04BCFNE6698EEPGEEH42,32.3,2409790,2022-12-16 07:41:33 UTC,,,
0F6C1D955PQ4FJCVT9B7VZTS4R,32.2,2409790,2022-12-16 07:42:03 UTC,,,
0F6C1DJ6PA7CCBRARQ921AKH8Q,32.3,2409790,2022-12-16 07:42:33 UTC,,,
0F6C1DV7V98VW5GGCZCK3JHPNT,32.2,2409790,2022-12-16 07:43:02 UTC,,,
0F6C1E492VWNDF03QWRMNSV2WV,32.3,2409790,2022-12-16 07:43:32 UTC,,,
0F6C1ED8VF7SPGZ7AV4QDJK7RY,32.3,2409790,2022-12-16 07:44:01 UTC,,,
0F6C1EP96KYCVR1S8EBAPC14A4,32.3,2409790,2022-12-16 07:44:31 UTC,,,
0F6C1EZAFF6SHT3HJ11CJACHJZ,32.3,2409790,2022-12-16 07:45:00 UTC,,,
0F6C1F8AJ864XD3S396PAW7TBX,32.3,2409790,2022-12-16 07:45:30 UTC,,,
0F6C1FHEYRY099D35FBQVWWY3Y,32.4,2409790,2022-12-16 07:46:00 UTC,,,
0F6C1FTGSX4RQSSHX5JJPKQY6K,32.4,2409790,2022-12-16 07:46:30 UTC,,,
0F6C1G3GDWY68GEQ5YPBAN85WY,32.3,2409790,2022-12-16 07:46:59 UTC,,,
0F6C1GCHFEYGV7QR9THBBFZYCP,32.3,2409790,2022-12-16 07:47:29 UTC,,,
0F6C1GNJ1QG9GNF3HMHRFC3K0P,32.3,2409790,2022-12-16 07:47:58 UTC,,,
0F6C1GYJRYJVMAA08DKJJZPFWS,32.3,2409790,2022-12-16 07:48:28 UTC,,,
0F6C1H7KH5ZF4315877MX3X2EK,32.4,2409790,2022-12-16 07:48:57 UTC,,,
0F6C1HGKQJYJT9VA3MBW12XE6X,32.4,2409790,2022-12-16 07:49:27 UTC,,,
0F6C1HSK5G52TD24G7NW33KW75,32.4,2409790,2022-12-16 07:49:56 UTC,,,
0F6C1J2JXCFJSFFVAAMB59QH44,32.4,2409790,2022-12-16 07:50:26 UTC,,,
0F6C1JBS1TZE7G63FWXJA09WYC,32.4,2409790,2022-12-16 07:50:56 UTC,,,
0F6C1JMTDK45ANMQ5E4DBS5P3W,32.4,2409790,2022-12-16 07:51:25 UTC,,,
0F6C1JXSVABTSCATD5YJZ30TSD,32.4,2409790,2022-12-16 07:51:55 UTC,,,
0F6C1K6VP9J8G6Y4300ZR8PEZP,32.4,2409790,2022-12-16 07:52:25 UTC,,,
0F6C1KFWEVGZ9Z58RRKDG13X5Q,32.4,2409790,2022-12-16 07:52:54 UTC,,,
0F6C1KRX0HHCX9TWHA5392AVKH,32.3,2409790,2022-12-16 07:53:24 UTC,,,
0F6C1M1Y763DA9FWQ4DSSJQ4SN,32.3,2409790,2022-12-16 07:53:53 UTC,,,
0F6C1MAYAJ6MXM7D4T82RAT5TN,32.4,2409790,2022-12-16 07:54:23 UTC,,,
0F6C1MKZ0T59ZYPAE8A0PWMTKA,32.4,2409790,2022-12-16 07:54:52 UTC,,,
0F6C1MX01G79PDBMM3VC2H7PS8,32.4,2409790,2022-12-16 07:55:22 UTC,,,
0F6C1N647S727EX3DAA3QGE08J,32.4,2409790,2022-12-16 07:55:52 UTC,,,
0F6C1NF7D9EMCH7XPG2CVNVBR7,32.3,2409790,2022-12-16 07:56:22 UTC,,,
0F6C1NSTM2YWQ7PZCVBFPFK5XN,32.3,2409790,2022-12-16 07:56:56 UTC,,,
0F6C1P2TMEYWDRXABQ5HNWVNEF,32.4,2409790,2022-12-16 07:57:26 UTC,,,
0F6C1PBV2ATBV492MP9C3JWMEA,32.4,2409790,2022-12-16 07:57:56 UTC,,,
0F6C1PMTVKKD1CBK096AK1RDEZ,32.5,2409790,2022-12-16 07:58:25 UTC,,,
0F6C1PZAYBBEAJTWKF6T4TGJ35,32.4,2409790,2022-12-16 07:58:59 UTC,,,
0F6C1Q8B0RCA3T6F0S0TVM1JBP,32.5,2409790,2022-12-16 07:59:29 UTC,,,
0F6C1QHATBEMYYCXVZ2101CGJS,32.5,2409790,2022-12-16 07:59:58 UTC,,,
0F6C1QTBM75VF6MS3S9Q91NE2V,32.4,2409790,2022-12-16 08:00:28 UTC,,,
0F6C1R3CXVESDMYTK1T9QKFW29,32.4,2409790,2022-12-16 08:00:58 UTC,,,
0F6C1RCDWHFRJ4GRHT6G6Z5431,32.4,2409790,2022-12-16 08:01:27 UTC,,,
0F6C1RNENW6JN7N2JENKMGG6E1,32.4,2409790,2022-12-16 08:01:57 UTC,,,
0F6C1RYGPQWZS2T02CQ5G0N2A9,32.4,2409790,2022-12-16 08:02:26 UTC,,,
0F6C1S7GJYTJY76W5N7DVETZBA,32.4,2409790,2022-12-16 08:02:56 UTC,,,
0F6C1SGGDNXCETZGXQ37AEED6E,32.4,2409790,2022-12-16 08:03:25 UTC,,,
0F6C1SSHDQQ4C8AJ9QM7HVDSTP,32.5,2409790,2022-12-16 08:03:55 UTC,,,
0F6C1T2G9H6EW1W6C34XQ1QF4Y,32.5,2409790,2022-12-16 08:04:24 UTC,,,
0F6C1TBGHJ6E7EBJQQXNF4Z2ZS,32.6,2409790,2022-12-16 08:04:54 UTC,,,
0F6C1TMFM786XJ961GNG33PA35,32.7,2409790,2022-12-16 08:05:23 UTC,,,
0F6C1TXFR9DPJCX8KQFY62RPTV,32.6,2409790,2022-12-16 08:05:53 UTC,,,
0F6C1V6GXQPHCVP8C85A9DA9Y9,32.6,2409790,2022-12-16 08:06:22 UTC,,,
0F6C1VFJDT77CYJ05Q7XZ18H8N,32.6,2409790,2022-12-16 08:06:52 UTC,,,
0F6C1VRK59H5T26QR11MC75VCD,32.5,2409790,2022-12-16 08:07:22 UTC,,,
0F6C1W1PF1NHM8N5PX1D3PX1YQ,32.6,2409790,2022-12-16 08:07:51 UTC,,,
0F6C1WAPPPP9DHJ00JD55V0Z6H,32.6,2409790,2022-12-16 08:08:21 UTC,,,
0F6C1WKXZFD9BGWEKRQYTWCT4D,32.5,2409790,2022-12-16 08:08:51 UTC,,,
0F6C1WWZHFE1RTFHVGBTYM5TMS,32.6,2409790,2022-12-16 08:09:21 UTC,,,
0F6C1X63Q7TBYZA42ZR4T2NGBS,32.7,2409790,2022-12-16 08:09:51 UTC,,,
0F6C1XF4H3H60G30J7BHSKSC1K,32.7,2409790,2022-12-16 08:10:20 UTC,,,
0F6C1XR97FHYXMVKKS00PZDW6G,32.5,2409790,2022-12-16 08:10:50 UTC,,,
0F6C1Y1918G19067ZEV24SCMV7,32.5,2409790,2022-12-16 08:11:20 UTC,,,
0F6C1YAGX1AH868A4K79QM6GZ0,32.5,2409790,2022-12-16 08:11:50 UTC,,,
0F6C1YKGD5RAPP4Q1AZF6S5MCT,32.4,2409790,2022-12-16 08:12:19 UTC,,,
0F6C1YWR42WBT7R8MKHVPEW1CM,32.6,2409790,2022-12-16 08:12:50 UTC,,,
0F6C1Z5SZNV8WPSY4DVGZGB46M,32.6,2409790,2022-12-16 08:13:19 UTC,,,
0F6C1ZEYHT3G28Z5Y0S926SRR0,32.7,2409790,2022-12-16 08:13:49 UTC,,,
0F6C1ZQYG86JBA5WPNDERPFECQ,32.7,2409790,2022-12-16 08:14:19 UTC,,,
0F6C2016T6HZ2YMDFJ93A9VVMT,32.8,2409790,2022-12-16 08:14:49 UTC,,,
0F6C20A8X5RA02W19HDEE9815S,32.7,2409790,2022-12-16 08:15:19 UTC,,,
0F6C20KDF2D80N13T1PE795JXY,32.7,2409790,2022-12-16 08:15:49 UTC,,,
0F6C20WHX3YYWSAB5N1ABDTY3Y,32.8,2409790,2022-12-16 08:16:19 UTC,,,
0F6C215S8NY188WFZEBJCB9D3E,32.7,2409790,2022-12-16 08:16:49 UTC,,,
0F6C21EXQMH834HYZHMD7QVGBT,32.7,2409790,2022-12-16 08:17:19 UTC,,,
0F6C21R4G7GPX80ZY5BGQQNE90,32.8,2409790,2022-12-16 08:17:49 UTC,,,
0F6C2216X053JCN83WH1JE2YKS,32.9,2409790,2022-12-16 08:18:19 UTC,,,
0F6C22ACHXNHM9WVFRY7EXHMTX,32.7,2409790,2022-12-16 08:18:49 UTC,,,
0F6C22KF63K0DQ453QGXX9VRSC,32.9,2409790,2022-12-16 08:19:19 UTC,,,
0F6C22WNK20MJJNPQCSX7J3CBV,32.8,2409790,2022-12-16 08:19:49 UTC,,,
0F6C235QZHF30FPTJDBKWE3BN9,32.8,2409790,2022-12-16 08:20:19 UTC,,,
0F6C23EVTANMYZYYEQC4KNCRFH,32.8,2409790,2022-12-16 08:20:49 UTC,,,
0F6C23R0CWDPCENH67SEMZS4TT,32.8,2409790,2022-12-16 08:21:19 UTC,,,
0F6C2415MK5N8PKA6JF91TQVZA,32.7,2409790,2022-12-16 08:21:49 UTC,,,
0F6C24A9G50HCAWC5B9JNWY6H4,32.7,2409790,2022-12-16 08:22:18 UTC,,,
0F6C24KGTSDYAD3HBVR1KJ6Q6H,32.7,2409790,2022-12-16 08:22:49 UTC,,,
0F6C24WNW4ZA2GRJPM8ZZA5NVS,32.8,2409790,2022-12-16 08:23:19 UTC,,,
0F6C255XGV55GF9B33Y6Q42XSD,32.9,2409790,2022-12-16 08:23:49 UTC,,,
0F6C25F0C9YN58VXADWNZQPBBB,32.9,2409790,2022-12-16 08:24:19 UTC,,,
0F6C25RMPV9CEWMNJ3XMV48CE9,32.9,2409790,2022-12-16 08:24:50 UTC,,,
0F6C261N1M3GQ3W0DVSY0CHZB0,32.9,2409790,2022-12-16 08:25:20 UTC,,,
0F6C26AWTBP5N2QTXNPBQ7MV1B,32.8,2409790,2022-12-16 08:25:50 UTC,,,
0F6C26KXPJYVETDQER6FM88CHM,32.9,2409790,2022-12-16 08:26:20 UTC,,,
0F6C26X6E1JQ7BSZERC41Y3K98,32.8,2409790,2022-12-16 08:26:50 UTC,,,
0F6C2765F1FJ39KC73G480VXXB,32.8,2409790,2022-12-16 08:27:19 UTC,,,
0F6C27FDZRVT4JA17GJZ1SEMB7,32.8,2409790,2022-12-16 08:27:50 UTC,,,
0F6C27RE68F3E2ZTQM2QMDC408,32.8,2409790,2022-12-16 08:28:19 UTC,,,
0F6C281NCR9FMBP354KMFPHB5V,32.9,2409790,2022-12-16 08:28:50 UTC,,,
0F6C28ANBKYSVEH4ZBSBWDHE0A,33.0,2409790,2022-12-16 08:29:19 UTC,,,
0F6C28M0EVBP673KESSE98HA50,33.0,2409790,2022-12-16 08:29:50 UTC,,,
0F6C28X15BD1BREJ4CEN7Q3QS7,32.9,2409790,2022-12-16 08:30:19 UTC,,,
0F6C2964HFHMY2MJG8NX6QGYTP,33.0,2409790,2022-12-16 08:30:49 UTC,,,
0F6C29F5ZFJ107XY1TDFNFQ0JD,33.0,2409790,2022-12-16 08:31:19 UTC,,,
0F6C29RA0JVMTT08QC9QWF7E8V,33.0,2409790,2022-12-16 08:31:49 UTC,,,
0F6C2A1DXNRWT1WWXW9QVQBQ2J,33.1,2409790,2022-12-16 08:32:19 UTC,,,
0F6E8JESWE5S9QKTX9GS7N5S56,25.3,2409790,2022-12-19 02:01:42 UTC,,,
0F6E8JR3S9CK2FKW2RPKNAZ26T,25.3,2409790,2022-12-19 02:02:13 UTC,,,
0F6E8K14YB2B9XQ8TYR76RA3JC,25.3,2409790,2022-12-19 02:02:42 UTC,,,
0F6E8KA5BZD2JBKK05CKANM0PW,25.4,2409790,2022-12-19 02:03:12 UTC,,,
0F6E8KK64SC514E98D0NB1HK8T,25.4,2409790,2022-12-19 02:03:41 UTC,,,
0F6E8KW4YCJ01YG2JYV35377HZ,25.4,2409790,2022-12-19 02:04:11 UTC,,,
0F6E8M55WSAZ44WHQN5HSTHHM4,25.4,2409790,2022-12-19 02:04:40 UTC,,,
0F6E8ME4T6Y40CSF8NEQZVT3JN,25.4,2409790,2022-12-19 02:05:10 UTC,,,
0F6E8MQ6TB36YRSV5ZXRA41K7D,25.4,2409790,2022-12-19 02:05:40 UTC,,,
0F6E8N07YFBVVZNW52D8VPEG6C,25.4,2409790,2022-12-19 02:06:09 UTC,,,
0F6E8N98M3V0Q9KZJM4VHR19Q0,25.3,2409790,2022-12-19 02:06:39 UTC,,,
0F6E8NJA8P2YWSYMY8N1CSPKMB,25.3,2409790,2022-12-19 02:07:08 UTC,,,
0F6E8NVDSSW51P99PSFCBQ8ZZC,25.2,2409790,2022-12-19 02:07:38 UTC,,,
0F6E8P4E9K6M9EZ975APA51AX7,25.2,2409790,2022-12-19 02:08:08 UTC,,,
0F6E8PDJ17BHEAV9X89PYJVTP7,25.2,2409790,2022-12-19 02:08:38 UTC,,,
0F6E8PPHGQ0ZJ22H8F8MF1HDQV,25.1,2409790,2022-12-19 02:09:07 UTC,,,
0F6E8PZRDF4ZS05F3M47V61R0M,25.1,2409790,2022-12-19 02:09:37 UTC,,,
0F6E8Q8SYG0G3QV7AHNH09FDX7,25.1,2409790,2022-12-19 02:10:07 UTC,,,
0F6E8QJ03AR17T5XPE6BP6KEXQ,25.1,2409790,2022-12-19 02:10:37 UTC,,,
0F6E8QV1TBFECX4GVWEEX3QA39,25.1,2409790,2022-12-19 02:11:07 UTC,,,
0F6E8R49V85A8MXHQHHQ8JRMT3,25.1,2409790,2022-12-19 02:11:37 UTC,,,
0F6E8RDBD3YTD3R56C3BZ2AWG4,25.1,2409790,2022-12-19 02:12:07 UTC,,,
0F6E8RPJ78M0TR0P9XKQRGAYCS,25.0,2409790,2022-12-19 02:12:37 UTC,,,
0F6E8RZM8D8Q550Q996DECPKZ2,25.1,2409790,2022-12-19 02:13:07 UTC,,,
0F6E8S8S7NRD5BGBRNGN9XKT8Z,25.1,2409790,2022-12-19 02:13:37 UTC,,,
0F6E8SHW34DFV0MC6HBFRWFD6P,25.1,2409790,2022-12-19 02:14:06 UTC,,,
0F6E8SV4G9P88FRJTVFATQ9PQK,25.1,2409790,2022-12-19 02:14:37 UTC,,,
0F6E8T46ANV036PZYXVX83EHW3,25.1,2409790,2022-12-19 02:15:06 UTC,,,
0F6E8TDEPZ36GCCJAKMNW47JZF,25.1,2409790,2022-12-19 02:15:37 UTC,,,
0F6E8TPFDEDHHGF7S798EFFJJ0,25.1,2409790,2022-12-19 02:16:06 UTC,,,
0F6E8TZMGD9YFKKSDSQ5BG0E9G,25.1,2409790,2022-12-19 02:16:36 UTC,,,
0F6E8V8MYJYNQAZRER3AN8453V,25.2,2409790,2022-12-19 02:17:06 UTC,,,
0F6E8VHV25ED6JWP11YVZNBYY3,25.2,2409790,2022-12-19 02:17:36 UTC,,,
0F6E8VTVT15PMHQSNBQBH70Y86,25.2,2409790,2022-12-19 02:18:05 UTC,,,
0F6E8W405KDS60E5387R1B1JXP,25.3,2409790,2022-12-19 02:18:35 UTC,,,
0F6E8WD282328HHEEY4QJNBP9F,25.3,2409790,2022-12-19 02:19:05 UTC,,,
0F6E8WP3XQZ28QA16PZWSKMG96,25.3,2409790,2022-12-19 02:19:35 UTC,,,
0F6E8WZ94DBNRD3Q5VQXTGS7NB,25.4,2409790,2022-12-19 02:20:05 UTC,,,
0F6E8X8QGEK69E39YC85WHBY1E,25.5,2409790,2022-12-19 02:20:36 UTC,,,
0F6E8XHRYA1E05W2F8ST04PV4J,25.5,2409790,2022-12-19 02:21:05 UTC,,,
0F6E8XTWHPYRVKXEZ84E2DH375,25.5,2409790,2022-12-19 02:21:35 UTC,,,
0F6E8Y40KTPV1MZ8B63QY8KQYK,25.6,2409790,2022-12-19 02:22:05 UTC,,,
0F6E8YD3FZ876DVY4KT6BRZ07X,25.6,2409790,2022-12-19 02:22:35 UTC,,,
0F6E8YP85DVJTWG742APBME2K5,25.6,2409790,2022-12-19 02:23:05 UTC,,,
0F6E8YZA6FZD38F4SZXEQ0KG99,25.6,2409790,2022-12-19 02:23:35 UTC,,,
0F6E8Z8D3081BHGXZ4Y9A62MAF,25.6,2409790,2022-12-19 02:24:04 UTC,,,
0F6E8ZHG1GFT8THKM8MC5BV175,25.6,2409790,2022-12-19 02:24:34 UTC,,,
0F6E8ZTKR7K3WKK52RKK6J6HWF,25.7,2409790,2022-12-19 02:25:04 UTC,,,
0F6E903KTNB08Z94F2EPAFW8TD,25.7,2409790,2022-12-19 02:25:34 UTC,,,
0F6E90CS7G5H582SS3ZKEPFK4K,25.7,2409790,2022-12-19 02:26:04 UTC,,,
0F6E90NV3CVEBMN8SHB5VHM77N,25.7,2409790,2022-12-19 02:26:33 UTC,,,
0F6E90YY646W9B8QEJ5VER46MK,25.7,2409790,2022-12-19 02:27:03 UTC,,,
0F6E9181ZH3P16KSCA761WF9KP,25.7,2409790,2022-12-19 02:27:33 UTC,,,
0F6E91H659T2PY3VMZ9QRSCCPP,25.7,2409790,2022-12-19 02:28:03 UTC,,,
0F6E91T6CE6W2QM5N0AQJF4XF7,25.7,2409790,2022-12-19 02:28:32 UTC,,,
0F6E9237YPWAQ8B1CVGV2W9FBQ,25.8,2409790,2022-12-19 02:29:02 UTC,,,
0F6E92CBWF5QZD1EN48ZQ2DBW9,25.8,2409790,2022-12-19 02:29:32 UTC,,,
0F6E92ND2EJ501QR5YJWZKTJS7,25.8,2409790,2022-12-19 02:30:02 UTC,,,
0F6E92YFAYRVRX7V8JDMZ507XF,25.8,2409790,2022-12-19 02:30:31 UTC,,,
0F6E9392MZVHN6VVMVRFDZ9JS5,25.9,2409790,2022-12-19 02:31:06 UTC,,,
0F6E93J7XCGGQDXFCZRKJ32XHC,25.9,2409790,2022-12-19 02:31:36 UTC,,,
0F6E93VBFFN0EVTQ3A391QV299,25.9,2409790,2022-12-19 02:32:06 UTC,,,
0F6E944HWRGX5GZBCG3WKTBJ3Z,25.9,2409790,2022-12-19 02:32:36 UTC,,,
0F6E94DMFYRJRZY5HZXCWN1BX8,25.9,2409790,2022-12-19 02:33:06 UTC,,,
0F6E94PRKA0NAQAYBNFEEFAZKA,25.9,2409790,2022-12-19 02:33:36 UTC,,,
0F6E94ZR0M4GS9HS6D0ZF9MQ65,26.0,2409790,2022-12-19 02:34:05 UTC,,,
0F6E958XFA26W6BBPEWYW5786C,26.0,2409790,2022-12-19 02:34:35 UTC,,,
0F6E95J3KPMD9MSS3933N9CAFN,26.0,2409790,2022-12-19 02:35:05 UTC,,,
0F6E95V7J3XN3PT45M08NJWQAF,26.0,2409790,2022-12-19 02:35:35 UTC,,,
0F6E964C8NA2WY6N4S7EVN5RDD,26.0,2409790,2022-12-19 02:36:05 UTC,,,
0F6E96DK7VCJGQZ6SKWVE3H57B,26.0,2409790,2022-12-19 02:36:35 UTC,,,
0F6E96PNBW60AWHQFGQD0AV14S,26.0,2409790,2022-12-19 02:37:05 UTC,,,
0F6E96ZR69VAVQHXSFWRJ632HP,26.0,2409790,2022-12-19 02:37:35 UTC,,,
0F6E978TWH64H41THANWXCFE0Q,26.0,2409790,2022-12-19 02:38:05 UTC,,,
0F6E97HVKAV65RC3XSCS387J7Z,26.0,2409790,2022-12-19 02:38:34 UTC,,,
0F6E97V0ESDF5VHGS39XSETZQA,26.0,2409790,2022-12-19 02:39:04 UTC,,,
0F6E9841HW62DH5WCF054GR421,26.1,2409790,2022-12-19 02:39:34 UTC,,,
0F6E98D32ADN5CCWVAJV517PBA,26.1,2409790,2022-12-19 02:40:04 UTC,,,
0F6E98P3HBHZWHS68E116GYVXS,26.1,2409790,2022-12-19 02:40:33 UTC,,,
0F6E98Z9RZXH3G92VMW5RSXCV0,26.1,2409790,2022-12-19 02:41:03 UTC,,,
0F6E998AZV1YRWPVMHMP5K1FN8,26.1,2409790,2022-12-19 02:41:33 UTC,,,
0F6E99HCETZTWZQNYAYN32R8R1,26.1,2409790,2022-12-19 02:42:02 UTC,,,
0F6E99TEG53FW06P78V003WCRZ,26.1,2409790,2022-12-19 02:42:32 UTC,,,
0F6E9A3G1AZ6GD37K086G1019S,26.1,2409790,2022-12-19 02:43:02 UTC,,,
0F6E9ACFZHQ66V44SBNKP9W51S,26.1,2409790,2022-12-19 02:43:31 UTC,,,
0F6E9ANKPN7MY08GRDJ22D6P0H,26.1,2409790,2022-12-19 02:44:01 UTC,,,
0F6E9AYKS3X55J5BYE2FKAQMM7,26.1,2409790,2022-12-19 02:44:31 UTC,,,
0F6E9B7NP3GP8T3M2EHH71EMMY,26.1,2409790,2022-12-19 02:45:00 UTC,,,
0F6E9BGQ1XVTWAD3W184CYMBB7,26.1,2409790,2022-12-19 02:45:30 UTC,,,
0F6E9BSQXAFP6HY103BFTHQYCY,26.2,2409790,2022-12-19 02:46:00 UTC,,,
0F6E9C2QWQCKZSXGHFG2PPQ38T,26.2,2409790,2022-12-19 02:46:29 UTC,,,
0F6E9CBSD55YYNCXZACKQ6V2W4,26.2,2409790,2022-12-19 02:46:59 UTC,,,
0F6E9CMW57PZM24DSKR1SF8JB1,26.2,2409790,2022-12-19 02:47:28 UTC,,,
0F6E9CXXADTJ95J0G0GSNA2RN3,26.2,2409790,2022-12-19 02:47:58 UTC,,,
0F6E9D6X6F5ARVY0P5JYCWW6JE,26.2,2409790,2022-12-19 02:48:28 UTC,,,
0F6E9DFYMQ632DMBXCFZJGBFSQ,26.2,2409790,2022-12-19 02:48:57 UTC,,,
0F6E9DRYPJ0XK1N7AK3M23ZJ83,26.2,2409790,2022-12-19 02:49:27 UTC,,,
0F6E9E1ZTQ9J7S9FCRA67JVXBK,26.2,2409790,2022-12-19 02:49:56 UTC,,,
0F6E9EB1T328NYHNBQQQMJEA80,26.2,2409790,2022-12-19 02:50:26 UTC,,,
0F6E9EM30HF95Q6XE8EWJR2AMH,26.2,2409790,2022-12-19 02:50:56 UTC,,,
0F6E9EX5ZTXDX6PPYCY61TVBX6,26.2,2409790,2022-12-19 02:51:25 UTC,,,
0F6E9F66YX680HA9SW3MT2KYZJ,26.3,2409790,2022-12-19 02:51:55 UTC,,,
0F6E9FFB6M76G41Y730979T5ZG,26.3,2409790,2022-12-19 02:52:25 UTC,,,
0F6E9FRDS9DHVZGZ8TKNVXPFH4,26.3,2409790,2022-12-19 02:52:55 UTC,,,
0F6E9G1G9VYFR2B60H67J7GW0P,26.3,2409790,2022-12-19 02:53:24 UTC,,,
0F6E9GAHN59M83P6GJB9KM0244,26.3,2409790,2022-12-19 02:53:54 UTC,,,
0F6E9GKMZ49EPR47BB73VNKFPW,26.3,2409790,2022-12-19 02:54:24 UTC,,,
0F6E9GWQZ64453A8QKSARZEV55,26.3,2409790,2022-12-19 02:54:54 UTC,,,
0F6E9H5R66TWQNBM8A0YDVW43T,26.3,2409790,2022-12-19 02:55:23 UTC,,,
0F6E9HEVCB733ZJ02EQ7NJMH5C,26.3,2409790,2022-12-19 02:55:53 UTC,,,
0F6E9HQYD9TP2DVTF2Q0D0S01Z,26.3,2409790,2022-12-19 02:56:23 UTC,,,
0F6E9J0X0J19TWXEQKXXKMXGFY,26.3,2409790,2022-12-19 02:56:52 UTC,,,
0F6E9J9Y67KBB4Q00ZWGGWTQ17,26.3,2409790,2022-12-19 02:57:22 UTC,,,
0F6E9JJYGA0TD8RJFWN58PQ9TV,26.4,2409790,2022-12-19 02:57:51 UTC,,,
0F6E9JW15SS2E7K6DRM03FGH27,26.4,2409790,2022-12-19 02:58:21 UTC,,,
0F6E9K51RY4TJW255BQBRQKE04,26.4,2409790,2022-12-19 02:58:51 UTC,,,
0F6E9KE2535JXDJK7BHF4A1CBV,26.4,2409790,2022-12-19 02:59:20 UTC,,,
0F6E9KQ1AQXC7FPWY87W7PTXT2,26.4,2409790,2022-12-19 02:59:50 UTC,,,
0F6E9M01J2H5KPSR70NYV5YJM3,26.4,2409790,2022-12-19 03:00:19 UTC,,,
0F6E9M9200MY4EXYXY9GBAVG85,26.4,2409790,2022-12-19 03:00:49 UTC,,,
0F6E9MJ4BQZT3N45B3H9JXSFQX,26.4,2409790,2022-12-19 03:01:18 UTC,,,
0F6E9MV4QGWQ0G8G1PAA5KY9Q0,26.4,2409790,2022-12-19 03:01:48 UTC,,,
0F6E9N46MTA3FCJ8BJFRF93063,26.4,2409790,2022-12-19 03:02:18 UTC,,,
0F6E9ND9HJNZH62G6XSWFVGMM3,26.4,2409790,2022-12-19 03:02:47 UTC,,,
0F6E9NPA2BSAFGHM9XTZ1TARP4,26.4,2409790,2022-12-19 03:03:17 UTC,,,
0F6E9NZBSRDJBVASXRF3YK4XEM,26.4,2409790,2022-12-19 03:03:47 UTC,,,
0F6E9P8CXE3DG8N1H3EDFFWMZZ,26.4,2409790,2022-12-19 03:04:16 UTC,,,
0F6E9PHE4NS2S31VD71KTZCGER,26.5,2409790,2022-12-19 03:04:46 UTC,,,
0F6E9PTEHBJ6495XKXNA84RS2B,26.4,2409790,2022-12-19 03:05:15 UTC,,,
0F6E9Q3F03ZBMTN1Z73H34JK2G,26.4,2409790,2022-12-19 03:05:45 UTC,,,
0F6E9QCG77QS6X8JTK5Z0PCSD8,26.5,2409790,2022-12-19 03:06:14 UTC,,,
0F6E9QNFDY9ADVHBVJVN3M3XAA,26.5,2409790,2022-12-19 03:06:44 UTC,,,
0F6E9QZ5761NAPDDC0CAFVFVJB,26.5,2409790,2022-12-19 03:07:16 UTC,,,
0F6E9R86H6K0YDAFMYPQMPM3S0,26.5,2409790,2022-12-19 03:07:45 UTC,,,
0F6E9RH8ZHVYW7HG5EP1J1K48X,26.5,2409790,2022-12-19 03:08:15 UTC,,,
0F6E9RTCPY9AWD6DXT8MYTJ813,26.5,2409790,2022-12-19 03:08:45 UTC,,,
0F6E9S3CRTA8AN4SKDTBWXKG2V,26.5,2409790,2022-12-19 03:09:14 UTC,,,
0F6E9SCH7NW5Z6DAMA5HSK0A9F,26.5,2409790,2022-12-19 03:09:44 UTC,,,
0F6E9SNJDZZFZ4D5TPZ3P48PEK,26.5,2409790,2022-12-19 03:10:14 UTC,,,
0F6E9SYKPKK9DKATM3VJCEA948,26.5,2409790,2022-12-19 03:10:43 UTC,,,
0F6E9T7PKZQHWPJF5A4DBG8M81,26.5,2409790,2022-12-19 03:11:13 UTC,,,
0F6E9TGS39AZJDXY1JKAJ5B425,26.5,2409790,2022-12-19 03:11:43 UTC,,,
0F6E9TSW4DK3103CSBH0ZGZPSS,26.5,2409790,2022-12-19 03:12:13 UTC,,,
0F6E9V2WB4PRF8EYCJPVXVVBHE,26.5,2409790,2022-12-19 03:12:42 UTC,,,
0F6E9VBYFPQFP3X5E514RXTYMC,26.5,2409790,2022-12-19 03:13:12 UTC,,,
0F6E9VN0PYV4KMZE7M55VXNRRW,26.5,2409790,2022-12-19 03:13:42 UTC,,,
0F6E9VY06205HA8XY5ND54YW24,26.6,2409790,2022-12-19 03:14:11 UTC,,,
0F6E9W7122YD6FV50E055Z56YQ,26.6,2409790,2022-12-19 03:14:41 UTC,,,
0F6E9WG2VDM01GJ4XCBQVKEWD0,26.6,2409790,2022-12-19 03:15:10 UTC,,,
0F6E9WS3QWG1VHHJMFYZ7TD81B,26.6,2409790,2022-12-19 03:15:40 UTC,,,
0F6E9X24EVS8TYZGD4R3H182Z4,26.6,2409790,2022-12-19 03:16:10 UTC,,,
0F6E9XB5S27N75QGYQG7NZKAYN,26.6,2409790,2022-12-19 03:16:39 UTC,,,
0F6E9XM6JCNVMKP0TD1PYR49G5,26.6,2409790,2022-12-19 03:17:09 UTC,,,
0F6E9XX9E724B3YP8KVY8CSH9Y,26.6,2409790,2022-12-19 03:17:39 UTC,,,
0F6E9Y6B7R6AWY6ZC7DQ4B9KWQ,26.6,2409790,2022-12-19 03:18:08 UTC,,,
0F6E9YFEMJ468V0HZQ82P4R6T5,26.6,2409790,2022-12-19 03:18:38 UTC,,,
0F6E9YRF7F0CZ3HKD8PBG9HSE4,26.6,2409790,2022-12-19 03:19:08 UTC,,,
0F6E9Z1KQX82QSEEANMJ6J2A8H,26.6,2409790,2022-12-19 03:19:38 UTC,,,
0F6E9ZAN1ECS5WFSRTXDKMDRNX,26.6,2409790,2022-12-19 03:20:07 UTC,,,
0F6E9ZKSMXA0G39Z698B9AFAYG,26.6,2409790,2022-12-19 03:20:37 UTC,,,
0F6E9ZWT69HR35KKB9F3XSSW3E,26.6,2409790,2022-12-19 03:21:07 UTC,,,
0F6EA05ZVS4GAXAWJRMJDNS97Z,26.6,2409790,2022-12-19 03:21:37 UTC,,,
0F6EA0F1XGZ54JVSH6Q1NKW9SH,26.6,2409790,2022-12-19 03:22:07 UTC,,,
0F6EA0RA8RMGA8HDKRKNM1W3PD,26.6,2409790,2022-12-19 03:22:37 UTC,,,
0F6EA11CGTYJT8EQ1WKPXX2WEX,26.7,2409790,2022-12-19 03:23:07 UTC,,,
0F6EA1AJN2086FBGDD80NR0R2B,26.7,2409790,2022-12-19 03:23:37 UTC,,,
0F6EA1KP86JRM692B97G3YZG0C,26.7,2409790,2022-12-19 03:24:07 UTC,,,
0F6EA1WWMSW7KPQKD9NV99SSWA,26.7,2409790,2022-12-19 03:24:37 UTC,,,
0F6EA25WTYTE9S3KKEPE2JD0QE,26.7,2409790,2022-12-19 03:25:06 UTC,,,
0F6EA2FEYJAASQ2WQ8QVDT92Y6,26.7,2409790,2022-12-19 03:25:38 UTC,,,
0F6EA2RFC4EXW84PQPR5Q8FZPK,26.7,2409790,2022-12-19 03:26:07 UTC,,,
0F6EA31NSB48X5YBH87Y4DQTXW,26.7,2409790,2022-12-19 03:26:37 UTC,,,
0F6EA3AQHWT3BC8BPVN4MX6SWQ,26.7,2409790,2022-12-19 03:27:07 UTC,,,
0F6EA3KZ9XSG3640DE2QAABR2N,26.7,2409790,2022-12-19 03:27:37 UTC,,,
0F6EA3X1RF06NQ0D50WZT9FVFA,26.7,2409790,2022-12-19 03:28:07 UTC,,,
0F6EA467RK0M5EBXFRD8PCQM0F,26.7,2409790,2022-12-19 03:28:37 UTC,,,
0F6EA4F8E3NZWP5RFYFFYVZH6P,26.7,2409790,2022-12-19 03:29:07 UTC,,,
0F6EA4RFAW7EG5GKT453QR1X3R,26.7,2409790,2022-12-19 03:29:37 UTC,,,
0F6EA51HW3F1064VQYDWQYKN02,26.7,2409790,2022-12-19 03:30:07 UTC,,,
0F6EA5AKZVQX3100P8BD509J19,26.7,2409790,2022-12-19 03:30:36 UTC,,,
0F6EA5KPEW5A86DZJDVHTXMRCJ,26.7,2409790,2022-12-19 03:31:06 UTC,,,
0F6EA5WW9Y0B9VN2K660ESR0Y9,26.7,2409790,2022-12-19 03:31:36 UTC,,,
0F6EA65YB9YBPWSKS3QQNB8TEQ,26.7,2409790,2022-12-19 03:32:06 UTC,,,
0F6EA6F0FTKQTEK27P53YY0PFA,26.8,2409790,2022-12-19 03:32:36 UTC,,,
0F6EA6R2M1EXMR7Z9B5M1YPXA1,26.8,2409790,2022-12-19 03:33:05 UTC,,,
0F6EA714GVXZY8FDXWWXKBNKMP,26.8,2409790,2022-12-19 03:33:35 UTC,,,
0F6EA7A9T2HKYGKA3G21CBDN87,26.8,2409790,2022-12-19 03:34:05 UTC,,,
0F6EA7KFFVQ06W7ZF00A96VQN3,26.7,2409790,2022-12-19 03:34:35 UTC,,,
0F6EA7WJNSNRZAXQTMFAHG09E1,26.7,2409790,2022-12-19 03:35:05 UTC,,,
0F6EA85KGXF0CKP3JCGMTNKP3P,26.7,2409790,2022-12-19 03:35:34 UTC,,,
0F6EA8EMZCX957CXBGHZD2TYCP,26.7,2409790,2022-12-19 03:36:04 UTC,,,
0F6EA8QQ3K9XH1V3JFEQEY2JV4,26.6,2409790,2022-12-19 03:36:34 UTC,,,
0F6EA90REM3BW4NEYDHT8WR8QP,26.6,2409790,2022-12-19 03:37:03 UTC,,,
0F6EA99V38SZK9KTYNV127C715,26.5,2409790,2022-12-19 03:37:33 UTC,,,
0F6EA9JYZZZH9RZQFHKSYQNVE8,26.5,2409790,2022-12-19 03:38:03 UTC,,,
0F6EA9VZQ7KFR6HRPD6Y05G0BN,26.4,2409790,2022-12-19 03:38:33 UTC,,,
0F6EAA50VVX85SRP820RMRYAN5,26.4,2409790,2022-12-19 03:39:02 UTC,,,
0F6EAAE22KMHKF7EG69SQ9PAGQ,26.2,2409790,2022-12-19 03:39:32 UTC,,,
0F6EAAQ3B5CKK7NFAA0RRR51VE,26.2,2409790,2022-12-19 03:40:01 UTC,,,
0F6EAB04ZWY9PCKGADMABYM3V0,26.1,2409790,2022-12-19 03:40:31 UTC,,,
0F6EAB94Q75DGR9F938B8SR4EY,26.0,2409790,2022-12-19 03:41:01 UTC,,,
0F6EABJ5082AS18YD8036HP394,25.9,2409790,2022-12-19 03:41:30 UTC,,,
0F6EABV619B6J8KHP9D9B8ESQP,25.9,2409790,2022-12-19 03:42:00 UTC,,,
0F6EB9F92WQZGW91DDF9ETDK9P,25.6,2409790,2022-12-19 04:33:46 UTC,,,
0F6EB9RBBG76C048Y6X1NGJ2DB,25.7,2409790,2022-12-19 04:34:16 UTC,,,
0F6EBA1E92CEGH2E2T845934EE,25.7,2409790,2022-12-19 04:34:46 UTC,,,
0F6EBAAFKG6V3A4B6PB3VSSBP4,25.7,2409790,2022-12-19 04:35:16 UTC,,,
0F6EBB6XMJKPX5XRH29Q8NX0DE,25.8,2409790,2022-12-19 04:36:49 UTC,,,
0F6EBBG3GTABT8WSRV56JDPRS0,25.8,2409790,2022-12-19 04:37:19 UTC,,,
0F6EBBS52VPZSEGHFKD92Y9P6M,25.8,2409790,2022-12-19 04:37:48 UTC,,,
0F6EBC291D1EQM5PW5PCBG4HM6,25.8,2409790,2022-12-19 04:38:18 UTC,,,
0F6EBCBBQH0GPZY64KZT5H70CF,25.9,2409790,2022-12-19 04:38:48 UTC,,,
0F6EBCMFG46327RTJ94AYNTT26,25.9,2409790,2022-12-19 04:39:18 UTC,,,
0F6EBCXJMNDFE67C411QRX23DA,26.0,2409790,2022-12-19 04:39:48 UTC,,,
0F6EBD6QCBR5770WE4MYG1Z586,26.0,2409790,2022-12-19 04:40:18 UTC,,,
0F6EBDFVF93NSZ6C56FF0CXPWF,26.0,2409790,2022-12-19 04:40:48 UTC,,,
0F6EBDS02T6761JK7Y8KKWRWE8,26.0,2409790,2022-12-19 04:41:18 UTC,,,
0F6EBE22QGANN6MBWV04JFYEX9,26.0,2409790,2022-12-19 04:41:47 UTC,,,
0F6EBEB69SVY28G4PKAPR5BNVS,26.0,2409790,2022-12-19 04:42:17 UTC,,,
0F6EBEMB9GYPFD1CJ1J5419Q45,26.0,2409790,2022-12-19 04:42:47 UTC,,,
0F6EBEXEE5Z178QHVHCZPYGYH0,26.0,2409790,2022-12-19 04:43:17 UTC,,,
0F6EBF6XNV1THJ3FYW06E79QJT,26.0,2409790,2022-12-19 04:43:48 UTC,,,
0F6EBFFZM0BCGX2FND1R8G07RV,26.0,2409790,2022-12-19 04:44:18 UTC,,,
0F6EBFS3FAHEDTT6V49JYSFF7C,26.0,2409790,2022-12-19 04:44:48 UTC,,,
0F6EBG2XR7DH0XZHDJPNN3VGWB,26.0,2409790,2022-12-19 04:45:20 UTC,,,
0F6EBGC29HJVFC5J195JB3WD7W,26.0,2409790,2022-12-19 04:45:50 UTC,,,
0F6EBGN83KQV8JQA6HYATJBP74,26.0,2409790,2022-12-19 04:46:20 UTC,,,
0F6EBGYBNB0GWTX1KXQFD8F2PC,26.0,2409790,2022-12-19 04:46:50 UTC,,,
0F6EBH7DNMN6TM7E2JBZJD4H2W,26.0,2409790,2022-12-19 04:47:20 UTC,,,
0F6EBHGFKPVP4JYGJC9E9239B4,26.0,2409790,2022-12-19 04:47:49 UTC,,,
0F6EBHSH0KVWTJ6QW5T8NP82MM,26.0,2409790,2022-12-19 04:48:19 UTC,,,
0F6EBJ2K85Z2ST5HCQEYZ0JBNC,26.0,2409790,2022-12-19 04:48:49 UTC,,,
0F6EBJBPF8VKKM6J02EQ80NVHV,26.1,2409790,2022-12-19 04:49:18 UTC,,,
0F6EBJMRHCCZZBD0EM3XFQXPWR,26.1,2409790,2022-12-19 04:49:48 UTC,,,
0F6EBJXVE05H3GA9VG3EMHYZ0P,26.1,2409790,2022-12-19 04:50:18 UTC,,,
0F6EBK6X5S6CFFAK8P9WXH8R6H,26.1,2409790,2022-12-19 04:50:48 UTC,,,
0F6EBKG00CYWEJ78VSJ3DV3AQV,26.1,2409790,2022-12-19 04:51:17 UTC,,,
0F6EBKS4XT20PEGG3JBRCY5FRT,26.1,2409790,2022-12-19 04:51:47 UTC,,,
0F6EBM276GT4Z53TY733Q0WTKW,26.1,2409790,2022-12-19 04:52:17 UTC,,,
0F6EBMB9M5FXRQNZV4HPZHGXP6,26.1,2409790,2022-12-19 04:52:47 UTC,,,
0F6EBMMDBTRVJ85TJ23D7J96B7,26.1,2409790,2022-12-19 04:53:17 UTC,,,
0F6EBMXGW1KVATEPM6787PMBCQ,26.1,2409790,2022-12-19 04:53:47 UTC,,,
0F6EBN6M6WGCHK8C5KB6MP1X8R,26.2,2409790,2022-12-19 04:54:16 UTC,,,
0F6EBNFPSKCCCMSTEPDA36YDSX,26.2,2409790,2022-12-19 04:54:46 UTC,,,
0F6EBNRT6W1A6591E4F01J6QZ5,26.2,2409790,2022-12-19 04:55:16 UTC,,,
0F6EBP3J15MRJNEYQGJ2K55YR5,26.2,2409790,2022-12-19 04:55:51 UTC,,,
0F6EBPCMTV88DA2GA7C6FEQSBW,26.2,2409790,2022-12-19 04:56:21 UTC,,,
0F6EBPNRDPGG3FAAJWB3X7DNRK,26.2,2409790,2022-12-19 04:56:51 UTC,,,
0F6EBPYWA10CWT5H6B5BMKVBEX,26.2,2409790,2022-12-19 04:57:21 UTC,,,
0F6EBQ7XV6ZZMDJ3RS3VMHPBJY,26.2,2409790,2022-12-19 04:57:50 UTC,,,
0F6EBQH0ZYYYRQA2BAT3JFQKAX,26.2,2409790,2022-12-19 04:58:20 UTC,,,
0F6EBQT2NJW81F6TXNPHKG1944,26.2,2409790,2022-12-19 04:58:50 UTC,,,
0F6EBR35QNTQ4Q87HRJMF05SAR,26.2,2409790,2022-12-19 04:59:20 UTC,,,
0F6EBRCM9HW4WJFHY529VA4ZK7,26.2,2409790,2022-12-19 04:59:51 UTC,,,
0F6EBRNV264083X5NE5K5TQ8V9,26.2,2409790,2022-12-19 05:00:21 UTC,,,
0F6EBRYYMH8KB5ZVHWBDX6CVGT,26.3,2409790,2022-12-19 05:00:51 UTC,,,
0F6EBS9BDDZGBDXCYAZ11P27E6,26.3,2409790,2022-12-19 05:01:25 UTC,,,
0F6EBSJE6PZQBFRF54CNJ15EYZ,26.3,2409790,2022-12-19 05:01:54 UTC,,,
0F6EBSVK7B8ME61SGRJCRGQ204,26.3,2409790,2022-12-19 05:02:24 UTC,,,
0F6EBT4NPQX828XR6Z5Y412XA8,26.3,2409790,2022-12-19 05:02:54 UTC,,,
0F6EBTDQ7DGAQSW5NKRXY88WGP,26.3,2409790,2022-12-19 05:03:24 UTC,,,
0F6EBTPW9X2VYSKMX8GW9QPM6Q,26.3,2409790,2022-12-19 05:03:54 UTC,,,
0F6EBTZZTRJREJFDGYQ0CTCMFN,26.3,2409790,2022-12-19 05:04:24 UTC,,,
0F6EBV92KS37EB2ECGS72XBXAF,26.3,2409790,2022-12-19 05:04:54 UTC,,,
0F6EBVJ6GEMJ4N04BAP5SN3HBX,26.3,2409790,2022-12-19 05:05:23 UTC,,,
0F6EBVVBVZ3SYX6W8HBHYSGKFR,26.3,2409790,2022-12-19 05:05:53 UTC,,,
0F6EBW4F7QE94QKAR3362NK28Q,26.3,2409790,2022-12-19 05:06:23 UTC,,,
0F6EBWDQCVMPFW8TKZ41KA5XNJ,26.3,2409790,2022-12-19 05:06:54 UTC,,,
0F6EBWPXA9SJNZ1CEQD2ADD12E,26.3,2409790,2022-12-19 05:07:24 UTC,,,
0F6EBWZZXD7X3DZ579D46KV07Y,26.3,2409790,2022-12-19 05:07:53 UTC,,,
0F6EBX92N4MRZPWEYT3YVDD1FN,26.4,2409790,2022-12-19 05:08:23 UTC,,,
0F6EBXJ62SJER2ZSH430PPKCM8,26.4,2409790,2022-12-19 05:08:53 UTC,,,
0F6EBXV878R8TZ6Q5RHWDAGV9Z,26.4,2409790,2022-12-19 05:09:23 UTC,,,
0F6EBY4AJ8NF1FKTGPBCR94NJR,26.4,2409790,2022-12-19 05:09:53 UTC,,,
0F6EBYDE28NZA2KZNPW4JMDNF7,26.4,2409790,2022-12-19 05:10:22 UTC,,,
0F6EBYPFTMFDKDCC998FKGAW92,26.4,2409790,2022-12-19 05:10:52 UTC,,,
0F6EBZ15A3CSHADSDP7M3XTJ3T,26.4,2409790,2022-12-19 05:11:27 UTC,,,
0F6EBZA66R6TSHXEQRH2R55XJZ,26.4,2409790,2022-12-19 05:11:57 UTC,,,
0F6EBZK7ZJXRVYMH639GZP3HJQ,26.4,2409790,2022-12-19 05:12:26 UTC,,,
0F6EBZWAT4D5QRWA3PHQAW7TCA,26.4,2409790,2022-12-19 05:12:56 UTC,,,
0F6EC05E4D0XABCK878Z3NPG9V,26.4,2409790,2022-12-19 05:13:26 UTC,,,
0F6EC0EGASPPHB1A5C1HREP7PJ,26.4,2409790,2022-12-19 05:13:56 UTC,,,
0F6EC0QM3W72CJJ1Y4YWPAC5DY,26.4,2409790,2022-12-19 05:14:25 UTC,,,
0F6EC10NQ97895QE0NQ5AQ7G76,26.4,2409790,2022-12-19 05:14:55 UTC,,,
0F6EC19V0HKZM044QN0YDWDV8K,26.4,2409790,2022-12-19 05:15:25 UTC,,,
0F6EC1JYY8EXCFFDDCY47WVVZH,26.4,2409790,2022-12-19 05:15:55 UTC,,,
0F6EC1YE71C27G8E6VPTQN4JS5,26.4,2409790,2022-12-19 05:16:33 UTC,,,
0F6EC27PT5N3BFRTG7VYA2CW88,26.4,2409790,2022-12-19 05:17:03 UTC,,,
0F6EC2HM5C5971A0DCVJEC95A6,26.5,2409790,2022-12-19 05:17:36 UTC,,,
0F6EC2TTQBGC2VVZH7Y1K7TR0W,26.5,2409790,2022-12-19 05:18:06 UTC,,,
0F6EC345NE8XNZDENEYG75G6CB,26.5,2409790,2022-12-19 05:18:36 UTC,,,
0F6EC3DASY09P9C536KA9XF3DS,26.5,2409790,2022-12-19 05:19:06 UTC,,,
0F6EC3PFRR7W4X7XEBS1FR1KEP,26.5,2409790,2022-12-19 05:19:36 UTC,,,
0F6EC3ZMFZ0SBJMYS19J5M60AG,26.5,2409790,2022-12-19 05:20:06 UTC,,,
0F6EC48YKDYFW9DT60E24PY74J,26.5,2409790,2022-12-19 05:20:37 UTC,,,
0F6EC4J1V2VGEQMEB4BZ2RE5AD,26.5,2409790,2022-12-19 05:21:07 UTC,,,
0F6EC4VBRP0G25101XN3K0C7EW,26.5,2409790,2022-12-19 05:21:37 UTC,,,
0F6EC5545BDX316RJK0HBKAK0T,26.5,2409790,2022-12-19 05:22:09 UTC,,,
0F6EC5E8FQRVVQTG5Q5HYGKZJ9,26.5,2409790,2022-12-19 05:22:39 UTC,,,
0F6EC5QB3AA6JKRV290S38TPXQ,26.5,2409790,2022-12-19 05:23:09 UTC,,,
0F6EC624RZ26P2HXZ7DV1DDXFS,26.5,2409790,2022-12-19 05:23:44 UTC,,,
0F6EC6B81A9T79X4KGNA965YJ9,26.5,2409790,2022-12-19 05:24:14 UTC,,,
0F6EC6M8DBN8F9NAPSW20J1ZCF,26.5,2409790,2022-12-19 05:24:44 UTC,,,
0F6EC6XEHW3ABTDCMT51GRXMYV,26.5,2409790,2022-12-19 05:25:14 UTC,,,
0F6EC787AHZV4DVKZFNHM0SR59,26.5,2409790,2022-12-19 05:25:49 UTC,,,
0F6EC7MJG0E7W13FXG8GJHKZV4,26.5,2409790,2022-12-19 05:26:29 UTC,,,
0F6EC7XPNWD5AQK01CRRA57M3E,26.5,2409790,2022-12-19 05:26:59 UTC,,,
0F6EC878C9CNSNX05FXPFAQPY7,26.5,2409790,2022-12-19 05:27:31 UTC,,,
0F6EC8GCF5AD1VK6RPVVVV1J0Z,26.6,2409790,2022-12-19 05:28:01 UTC,,,
0F6EC8SFQCAD3E2AFGKG5MTR7S,26.6,2409790,2022-12-19 05:28:30 UTC,,,
0F6EC92HK6AD8B4A9AQCQCP4E1,26.6,2409790,2022-12-19 05:29:00 UTC,,,
0F6EC9BN5RHKV3HAJQ2ZE3EZZT,26.6,2409790,2022-12-19 05:29:30 UTC,,,
0F6EC9MSN2SSAXSMQ25XK8S62G,26.6,2409790,2022-12-19 05:30:00 UTC,,,
0F6EC9XX13ZBQV9PNR1D1QNBWK,26.6,2409790,2022-12-19 05:30:30 UTC,,,
0F6ECA71K8J2K160PVFQAVSVCA,26.6,2409790,2022-12-19 05:31:00 UTC,,,
0F6ECAG5KHRZ0BR5R18X5CD20N,26.6,2409790,2022-12-19 05:31:30 UTC,,,
0F6ECAS879S7XXDRX1W63PV096,26.6,2409790,2022-12-19 05:31:59 UTC,,,
0F6ECB2A431TETBPW5C50P1DJX,26.6,2409790,2022-12-19 05:32:29 UTC,,,
0F6ECBBDS033FDA95AK7NGGAGW,26.6,2409790,2022-12-19 05:32:59 UTC,,,
0F6ECBMGZED0BM71SMSPYMF07H,26.6,2409790,2022-12-19 05:33:29 UTC,,,
0F6ECBXKZFGY046WTCEB48TE95,26.6,2409790,2022-12-19 05:33:59 UTC,,,
0F6ECC704H3E0SX7XQZG5SSH18,26.6,2409790,2022-12-19 05:34:29 UTC,,,
0F6ECCG2571Z2CNYWMM74W6930,26.6,2409790,2022-12-19 05:34:59 UTC,,,
0F6ECCS5SVWY7ZN68YD1F5DS2Z,26.6,2409790,2022-12-19 05:35:29 UTC,,,
0F6ECD2A1QEDMR4EJNZ429Q9EW,26.6,2409790,2022-12-19 05:35:59 UTC,,,
0F6ECDBECADT5WFPY0S722AQ2W,26.6,2409790,2022-12-19 05:36:29 UTC,,,
0F6ECDMH9B5EH0248Z5V3YQEK5,26.6,2409790,2022-12-19 05:36:59 UTC,,,
0F6ECDZ795P90SKTW7WEA2NPDP,26.6,2409790,2022-12-19 05:37:34 UTC,,,
0F6ECE8BSNQEY7HYJE7B891X5T,26.6,2409790,2022-12-19 05:38:03 UTC,,,
0F6ECEHF9R42XA0Q8ZTZ5NJWRE,26.6,2409790,2022-12-19 05:38:33 UTC,,,
0F6ECETKQD6Z85T83ZYBSQACFQ,26.6,2409790,2022-12-19 05:39:03 UTC,,,
0F6ECF3NP6WWZYWKWCTNTTAVFR,26.6,2409790,2022-12-19 05:39:33 UTC,,,
0F6ECFE4BNBP4HP7QPFDVJA2MT,26.6,2409790,2022-12-19 05:40:07 UTC,,,
0F6ECFRTFKJY6DACJZDDXB6AX9,26.6,2409790,2022-12-19 05:40:42 UTC,,,
0F6ECG1VYKV1XKD6RY8JB19BP1,26.6,2409790,2022-12-19 05:41:12 UTC,,,
0F6ECGAZ8N2NTEDE4M7F04GSX9,26.6,2409790,2022-12-19 05:41:42 UTC,,,
0F6ECGM25Y460G606STEZYBM1J,26.6,2409790,2022-12-19 05:42:12 UTC,,,
0F6ECGX4S8B9RXPQBQ067JND04,26.7,2409790,2022-12-19 05:42:41 UTC,,,
0F6ECH680TJKQE53ZVBQE94WR2,26.6,2409790,2022-12-19 05:43:11 UTC,,,
0F6ECHFBG9DEG66413WFXEM2VF,26.7,2409790,2022-12-19 05:43:41 UTC,,,
0F6ECHRDN1E1DXT5HSGK5C1791,26.7,2409790,2022-12-19 05:44:11 UTC,,,
0F6ECJ1GC8DBN5W630BGDZDXWZ,26.7,2409790,2022-12-19 05:44:40 UTC,,,
0F6ECJAK44QR9568XX27VE68XZ,26.7,2409790,2022-12-19 05:45:10 UTC,,,
0F6ECJKP4DB77WZSSRA73DWQCS,26.7,2409790,2022-12-19 05:45:40 UTC,,,
0F6ECJY8W6N104G2Z9T7CQ0TTT,26.7,2409790,2022-12-19 05:46:15 UTC,,,
0F6ECK7B32ZDANXZBZ1PM7RVRV,26.7,2409790,2022-12-19 05:46:44 UTC,,,
0F6ECKGPBA8RND5BHEJ9MTG6H4,26.7,2409790,2022-12-19 05:47:15 UTC,,,
0F6ECKSR64H5P4JWWYT12FSC50,26.7,2409790,2022-12-19 05:47:45 UTC,,,
0F6ECM2WYMQ021E4DJNCMG94X3,26.7,2409790,2022-12-19 05:48:15 UTC,,,
0F6ECMBZY32PA0J7XXPCG98DRA,26.7,2409790,2022-12-19 05:48:45 UTC,,,
0F6ECMN35Y0H06SVQ2GX3S0498,26.7,2409790,2022-12-19 05:49:14 UTC,,,
0F6ECMY68YDDC0Y9AAR9QEF82B,26.7,2409790,2022-12-19 05:49:44 UTC,,,
0F6ECN79KAV6WE4HXCGG7HPZQF,26.8,2409790,2022-12-19 05:50:14 UTC,,,
0F6ECNGDCKEGMPA04Q3YEZQA19,26.8,2409790,2022-12-19 05:50:44 UTC,,,
0F6ECNSGSJ5NK7EBJB9YJF1XKG,26.8,2409790,2022-12-19 05:51:14 UTC,,,
0F6ECP3916R57BN257MY50H0J5,26.8,2409790,2022-12-19 05:51:46 UTC,,,
0F6ECPDXRKZARW8HF19V6S4VY5,26.8,2409790,2022-12-19 05:52:21 UTC,,,
0F6ECPQ2QNVBZ1NEJ91KV39E53,26.8,2409790,2022-12-19 05:52:51 UTC,,,
0F6ECQ04K073QN5AYZAC6APDKD,26.8,2409790,2022-12-19 05:53:20 UTC,,,
0F6ECQ9ACNGW3ESEFEPQ6ZCFM1,26.7,2409790,2022-12-19 05:53:50 UTC,,,
0F6ECQJF8CEHY6V7JKVEJX4VC6,26.7,2409790,2022-12-19 05:54:20 UTC,,,
0F6ECQVGSS35R80JGTKZ6CPPDS,26.6,2409790,2022-12-19 05:54:50 UTC,,,
0F6ECR4MB925W6X3JWVZPGW5X4,26.5,2409790,2022-12-19 05:55:20 UTC,,,
0F6ECRDSQ3VFZVTG331BM8TA0V,26.5,2409790,2022-12-19 05:55:50 UTC,,,
0F6ECRPW5PCWMPDQ5YGD6EGA4Q,26.5,2409790,2022-12-19 05:56:20 UTC,,,
0F6ECS01CQC7RRRJGAK1PHDH30,26.4,2409790,2022-12-19 05:56:50 UTC,,,
0F6ECS97X9EEAFQF3SH1R9KARP,26.3,2409790,2022-12-19 05:57:20 UTC,,,
0F6ECSJCF39NBKHRRKT4QDYCNS,26.2,2409790,2022-12-19 05:57:50 UTC,,,
0F6ECSVGYCTV6Q9JQ5K7C0YDT7,26.1,2409790,2022-12-19 05:58:20 UTC,,,
0F6ECT4KKHV1BKEBRF6D9BC9XY,26.0,2409790,2022-12-19 05:58:49 UTC,,,
0F6ECTDP8WZGRNHTX6V426CY8S,26.0,2409790,2022-12-19 05:59:19 UTC,,,
0F6ECTPSDN4CZB01PW1V6V5EQD,25.9,2409790,2022-12-19 05:59:49 UTC,,,
0F6ECTZXPG8CKVFZXE3BP3DHAY,25.8,2409790,2022-12-19 06:00:19 UTC,,,
0F6ECV900QC8MVTWYZBPA33DRW,25.7,2409790,2022-12-19 06:00:49 UTC,,,
0F6ECVJ3V2J0J9J7SDES6YK180,25.7,2409790,2022-12-19 06:01:19 UTC,,,
0F6ECVV7GPTBH63VQ7TNBWWS9C,25.6,2409790,2022-12-19 06:01:48 UTC,,,
0F6ECW4BBWJ2RSCP5ZC0YMYVAW,25.5,2409790,2022-12-19 06:02:18 UTC,,,
0F6ECWDEDN345XJXF4TAT2C7Z6,25.5,2409790,2022-12-19 06:02:48 UTC,,,
0F6ED24SYDJKJX7J8XZEAX9PP3,25.2,2409790,2022-12-19 06:12:49 UTC,,,
0F6ED63X4S87AC9V6F11TDAGG3,25.0,2409790,2022-12-19 06:19:45 UTC,,,
0F6ED6D20Q9S15JPM0MWFK7FYE,25.0,2409790,2022-12-19 06:20:15 UTC,,,
0F6ED6P5NBYCGP43C3TYGP4ZJB,25.0,2409790,2022-12-19 06:20:45 UTC,,,
0F6ED6Z7GFM5D3A14VDPE2VBN0,25.1,2409790,2022-12-19 06:21:15 UTC,,,
0F6ED78AQY91KESHX6JBGGR2N9,25.1,2409790,2022-12-19 06:21:45 UTC,,,
0F6EDA19CFB04S9Y1MGYW0DSEM,25.4,2409790,2022-12-19 06:26:36 UTC,,,
0F6EDAACWE9T61K09JGJXCMPYR,25.4,2409790,2022-12-19 06:27:06 UTC,,,
0F6EDAKDY954D2ZQMH393YFSBW,25.4,2409790,2022-12-19 06:27:36 UTC,,,
0F6EDAWGYEZ6YYQMG6A6Z0V7BC,25.5,2409790,2022-12-19 06:28:06 UTC,,,
0F6EDB5MAR227266QS7R6P3XGE,25.5,2409790,2022-12-19 06:28:35 UTC,,,
0F6EDBEP1TRK157FAE41Y768PY,25.5,2409790,2022-12-19 06:29:05 UTC,,,
0F6EDBQS2577NG4A7Y53JZM951,25.6,2409790,2022-12-19 06:29:35 UTC,,,
0F6EDC0W8QX10SV5FRF8AH7W0N,25.7,2409790,2022-12-19 06:30:05 UTC,,,
0F6EDC9XXQQ5DXEENC2S0TA21Z,25.7,2409790,2022-12-19 06:30:34 UTC,,,
0F6EDCMHB7JXE72NEX20HP6TB9,25.7,2409790,2022-12-19 06:31:09 UTC,,,
0F6EDCXXMGB4TYBM0MXP3BZKC2,25.8,2409790,2022-12-19 06:31:40 UTC,,,
0F6EDD799SXKR3P1NJWNVBSX1B,25.8,2409790,2022-12-19 06:32:11 UTC,,,
0F6EDDGBVQQAGENQQ27X32GQ8M,25.8,2409790,2022-12-19 06:32:40 UTC,,,
0F6EDDSE9AHH0HNJZ2XM1RY9YR,25.8,2409790,2022-12-19 06:33:10 UTC,,,
0F6EDE2J8HWG9JFSE4KTDGSH8P,25.9,2409790,2022-12-19 06:33:40 UTC,,,
0F6EDEBNYH628RN4PTRS9FJ2YQ,25.9,2409790,2022-12-19 06:34:10 UTC,,,
0F6EDEMSMNS47KCX5G1P8717HV,25.9,2409790,2022-12-19 06:34:40 UTC,,,
0F6EDEXVN4J1D3EDFRR8YZDPNA,25.9,2409790,2022-12-19 06:35:09 UTC,,,
0F6EDF6YPMH9Y0M6KXJHGACE9E,26.0,2409790,2022-12-19 06:35:39 UTC,,,
0F6EDFGAXAGTMJPNGKK80PBVDS,26.0,2409790,2022-12-19 06:36:10 UTC,,,
0F6EDFSD588H2N8ZW3E1VB1A8P,26.0,2409790,2022-12-19 06:36:40 UTC,,,
0F6EDG2G42PWZZ8VBGZV8KV1EN,26.0,2409790,2022-12-19 06:37:09 UTC,,,
0F6EDGBJ0SBMBBQG0M306T82Q9,26.0,2409790,2022-12-19 06:37:39 UTC,,,
0F6EDGMMZKT3QPZRN27F0BCFNX,26.1,2409790,2022-12-19 06:38:09 UTC,,,
0F6EDGXS02B54EDJDV0RBF5KEF,26.1,2409790,2022-12-19 06:38:39 UTC,,,
0F6EDH6T5QEDB0Q2KR0TCDE01Z,26.1,2409790,2022-12-19 06:39:08 UTC,,,
0F6EDHFWCVH9774D9AXA91W2Y7,26.2,2409790,2022-12-19 06:39:38 UTC,,,
0F6EDHRZRMMBGE9Y7PH3WCJWQQ,26.2,2409790,2022-12-19 06:40:08 UTC,,,
0F6EDJ20PFAYY3WMPCQM46MJDK,26.2,2409790,2022-12-19 06:40:38 UTC,,,
0F6EDJB3MCD0F7202P74FZFH6G,26.3,2409790,2022-12-19 06:41:07 UTC,,,
0F6EDJM6QZG8WRFWFAEY9ER4MH,26.3,2409790,2022-12-19 06:41:37 UTC,,,
0F6EDJX9FJR7SDTNYQC1CN2YF3,26.3,2409790,2022-12-19 06:42:07 UTC,,,
0F6EDK6BESMVAB30FZ1WV1D236,26.4,2409790,2022-12-19 06:42:37 UTC,,,
0F6EDKFDWS8D1P4SQ3CS4FE5AK,26.4,2409790,2022-12-19 06:43:06 UTC,,,
0F6EDKRG9V70AZNSS5SBDJSPHQ,26.3,2409790,2022-12-19 06:43:36 UTC,,,
0F6EDM1K4DB6K7H9Z45SP50FNK,26.3,2409790,2022-12-19 06:44:06 UTC,,,
0F6EDMANM8PJN82S7ASAYYBBT1,26.3,2409790,2022-12-19 06:44:36 UTC,,,
0F6EDMKPMBF8GVKF7ECECT5XCK,26.3,2409790,2022-12-19 06:45:05 UTC,,,
0F6EDMWRTNFSQ6NKVN6F19Z55G,26.3,2409790,2022-12-19 06:45:35 UTC,,,
0F6EDN5W8KQ5RV9348ETS737AP,26.3,2409790,2022-12-19 06:46:05 UTC,,,
0F6EDNF02B66SZA4Y9F9TYJ5NZ,26.3,2409790,2022-12-19 06:46:35 UTC,,,
0F6EDNR23K1ZG0MXD859NZG07W,26.4,2409790,2022-12-19 06:47:04 UTC,,,
0F6EDP16GVY3JJSNEDNG1G47CD,26.3,2409790,2022-12-19 06:47:34 UTC,,,
0F6EDPA82BSVX9PHCJD7GRQ3F0,26.3,2409790,2022-12-19 06:48:04 UTC,,,
0F6EDPKBSV8R549T98NPZP1QJF,26.2,2409790,2022-12-19 06:48:34 UTC,,,
0F6EDPWEQHXCDZ63A0YH26HS72,26.1,2409790,2022-12-19 06:49:04 UTC,,,
0F6EDQ5GNZ6XBT7K1Y9P0WTD5C,26.1,2409790,2022-12-19 06:49:33 UTC,,,
0F6EDQEKMGFDVDX5CMP4BBASWM,26.0,2409790,2022-12-19 06:50:03 UTC,,,
0F6EDQQPB3BHJ6MSM1FD9QCX3T,26.0,2409790,2022-12-19 06:50:33 UTC,,,
0F6EDR0SYGK3WSFFHTY2GNKAYC,25.9,2409790,2022-12-19 06:51:03 UTC,,,
0F6EDR9W72S3Y4NPM4B048ZTRT,25.9,2409790,2022-12-19 06:51:32 UTC,,,
0F6EDRK04M3822ABBNGQ5V6ZJH,25.9,2409790,2022-12-19 06:52:02 UTC,,,
0F6EDRW4046KTC4KM169TRGPQP,25.9,2409790,2022-12-19 06:52:32 UTC,,,
0F6EDS55Y03DCZYFMG2D347N5D,25.9,2409790,2022-12-19 06:53:02 UTC,,,
0F6EDSEAD64CVYZD6J3C3BM0KA,26.0,2409790,2022-12-19 06:53:32 UTC,,,
0F6EDSQCV7YHX9TJ9WTEJ6ZEYJ,26.0,2409790,2022-12-19 06:54:02 UTC,,,
0F6EDT0FT9RKP014K2Z9HVDEA2,26.1,2409790,2022-12-19 06:54:31 UTC,,,
0F6EDT9JN2R4YR1QFY2JR8JMRS,26.1,2409790,2022-12-19 06:55:01 UTC,,,
0F6EDTJM1QW2VD5ZD39T9MT94Z,26.1,2409790,2022-12-19 06:55:31 UTC,,,
0F6EDTVQ8E8ES4817NGNDJ46YS,26.1,2409790,2022-12-19 06:56:01 UTC,,,
0F6EDV4TNAFJFN8K9W8NFNERZQ,26.1,2409790,2022-12-19 06:56:30 UTC,,,
0F6EDVDX6DRWST7ZXNTEH19EJJ,26.2,2409790,2022-12-19 06:57:00 UTC,,,
0F6EDVQ03303ZENDBN7K15NBF3,26.2,2409790,2022-12-19 06:57:30 UTC,,,
0F6EDW03VEXJZE6M474YFRAKRG,26.2,2409790,2022-12-19 06:58:00 UTC,,,
0F6EDW96JG56RD5PBPFX3EPNSW,26.2,2409790,2022-12-19 06:58:30 UTC,,,
0F6EDWJAB555BXJZA3975VMEPP,26.3,2409790,2022-12-19 06:59:00 UTC,,,
0F6EDWVCFB83Y5PGRYYF9ZKMRW,26.3,2409790,2022-12-19 06:59:29 UTC,,,
0F6EDX4KZ4MMRRDF9JFCG88A3H,26.3,2409790,2022-12-19 07:00:00 UTC,,,
0F6EDXDPRE0YMJ01YSCAZXW2H5,26.3,2409790,2022-12-19 07:00:29 UTC,,,
0F6EDXPVWW5BHDZRYTCH4KJAZS,26.4,2409790,2022-12-19 07:00:59 UTC,,,
0F6EDXZZMS3W4KAM149DQPB2Z7,26.4,2409790,2022-12-19 07:01:29 UTC,,,
0F6EDY927C2ZX9CBMZBTHBYP13,26.4,2409790,2022-12-19 07:01:59 UTC,,,
0F6EDYJ54W3F2NPV9GDBZ0W3GS,26.4,2409790,2022-12-19 07:02:29 UTC,,,
0F6EDYV9365HG056WMZTRC1TN0,26.4,2409790,2022-12-19 07:02:59 UTC,,,
0F6EDZ4CFWF7P47HT85EHX79GF,26.4,2409790,2022-12-19 07:03:28 UTC,,,
0F6EDZDGEGZ4ZMZAB0PQMPXZK1,26.5,2409790,2022-12-19 07:03:58 UTC,,,
0F6EDZPKKH2654044C51BTMWN0,26.5,2409790,2022-12-19 07:04:28 UTC,,,
0F6EDZZSYXJVPP820TPQAGQFH4,26.5,2409790,2022-12-19 07:04:58 UTC,,,
0F6EE08W6M9EZEWB6K666QSE57,26.5,2409790,2022-12-19 07:05:28 UTC,,,
0F6EE0J2BTGYVMQB6GHQKBATKP,26.5,2409790,2022-12-19 07:05:58 UTC,,,
0F6EE0V5JB95Z37WYE043EKJBP,26.5,2409790,2022-12-19 07:06:28 UTC,,,
0F6EE15T7CW44Y48RTDPF89SS8,26.5,2409790,2022-12-19 07:07:03 UTC,,,
0F6EE1EWT74XM987QDD2JBYM8W,26.6,2409790,2022-12-19 07:07:33 UTC,,,
0F6EE1R1BRT903HMAB1M7B1MAZ,26.6,2409790,2022-12-19 07:08:03 UTC,,,
0F6EE2145AEZV3YFF1W70X7Y7E,26.6,2409790,2022-12-19 07:08:32 UTC,,,
0F6EE2A6HDDP19Y3970MWETC19,26.6,2409790,2022-12-19 07:09:02 UTC,,,
0F6EE2KBMKRKFDDKM2GJK3ZE0H,26.6,2409790,2022-12-19 07:09:32 UTC,,,
0F6EE2WF3D3EDMZS9X642QG9KS,26.6,2409790,2022-12-19 07:10:02 UTC,,,
0F6EE35H0FVTMCF7YS4ACBEB8D,26.6,2409790,2022-12-19 07:10:32 UTC,,,
0F6EE3F3J9VCA0F9AR9C5VB381,26.6,2409790,2022-12-19 07:11:03 UTC,,,
0F6EE3R83FB3VMNW7YQTZ0ZY42,26.7,2409790,2022-12-19 07:11:33 UTC,,,
0F6EE41P817057GV7HZFGRA0Q7,26.7,2409790,2022-12-19 07:12:04 UTC,,,
0F6EE4AX4WRWA6M4JRPAKYJRF8,26.7,2409790,2022-12-19 07:12:34 UTC,,,
0F6EE4M2C28FP49X4K3P7G9Y2M,26.7,2409790,2022-12-19 07:13:04 UTC,,,
0F6EE4XETGJA3VXMD02JZJGTBZ,26.7,2409790,2022-12-19 07:13:35 UTC,,,
0F6EE577102GTJX2C9T0P87B1X,26.7,2409790,2022-12-19 07:14:07 UTC,,,
0F6EE5GAC8SFB4NMA7PADZRJQE,26.7,2409790,2022-12-19 07:14:37 UTC,,,
0F6EE5SJ39Y7H89YEKZN98B5G7,26.7,2409790,2022-12-19 07:15:07 UTC,,,
0F6EE633A0VR4S2C3HR6NV5GYN,26.8,2409790,2022-12-19 07:15:38 UTC,,,
0F6EE6CHND32BFHRVCDZ8G06G7,26.8,2409790,2022-12-19 07:16:09 UTC,,,
0F6EE6PFQXS1JJ55BBZMDN4K8T,26.8,2409790,2022-12-19 07:16:42 UTC,,,
0F6EE6ZNR4YQ4TQG1N6K5B2XBD,26.8,2409790,2022-12-19 07:17:12 UTC,,,
0F6EE78XQRRXVKT6RV3FB8H3FK,26.8,2409790,2022-12-19 07:17:42 UTC,,,
0F6EE7JPT0SS52W1YKFW7YNPYN,26.8,2409790,2022-12-19 07:18:14 UTC,,,
0F6EE7VZW0Q0DKHZB3ZATCDP16,26.8,2409790,2022-12-19 07:18:45 UTC,,,
0F6EE854PYDX8E16RTD0TYBEHX,26.8,2409790,2022-12-19 07:19:15 UTC,,,
0F6EE8E8FG27M13X93Q1GTH46W,26.8,2409790,2022-12-19 07:19:45 UTC,,,
0F6EE8QB8VFYH3TMG5ZPSR46KG,26.8,2409790,2022-12-19 07:20:14 UTC,,,
0F6EE90CWYBYPS8HA2NAAPA4CQ,26.8,2409790,2022-12-19 07:20:44 UTC,,,
0F6EE9BE3YF8GHB3GSRQR6P1MF,26.8,2409790,2022-12-19 07:21:20 UTC,,,
0F6EE9MVP3WFT39HAMSMVAHDHN,26.9,2409790,2022-12-19 07:21:51 UTC,,,
0F6EE9XYBWNBR6RZ3G9JCFXCG3,26.9,2409790,2022-12-19 07:22:21 UTC,,,
0F6EEA71CVQVGC03QFGRF5T2YY,26.9,2409790,2022-12-19 07:22:51 UTC,,,
0F6EEAG5CVAFC7P6SSK5NMTZXP,26.9,2409790,2022-12-19 07:23:21 UTC,,,
0F6EEAS7BFZ1FRB594TE25ZABW,26.9,2409790,2022-12-19 07:23:50 UTC,,,
0F6EEB2CCNA6WS2X6JAWS4QJYN,26.9,2409790,2022-12-19 07:24:20 UTC,,,
0F6EEBBGS9P0ABHRBTW5SR12K1,26.9,2409790,2022-12-19 07:24:50 UTC,,,
0F6EEBMK8KATRDJC4FYQ7KR5KJ,26.9,2409790,2022-12-19 07:25:20 UTC,,,
0F6EEBXNR6AZRG4HV5VWN4BNS1,26.9,2409790,2022-12-19 07:25:50 UTC,,,
0F6EEC6SWG6WTYVESMA0XSYE2D,26.9,2409790,2022-12-19 07:26:20 UTC,,,
0F6EECFWQABEM6C1GYK94MZR5E,26.9,2409790,2022-12-19 07:26:49 UTC,,,
0F6EECRZB6M99AP7HJQMVM9T8A,26.9,2409790,2022-12-19 07:27:19 UTC,,,
0F6EED225GC7CX5K36NHZ8RGPJ,26.9,2409790,2022-12-19 07:27:49 UTC,,,
0F6EEDB8DBCPHAE82KKKHTQ2KV,27.0,2409790,2022-12-19 07:28:19 UTC,,,
0F6EEDMB9GFKRJNAC1KTZRFDZF,26.9,2409790,2022-12-19 07:28:49 UTC,,,
0F6EEDXDWHXXPSFXAEH4NKQJ3E,27.0,2409790,2022-12-19 07:29:19 UTC,,,
0F6EEE6J5ZBA4ZG65PNNXYN770,27.0,2409790,2022-12-19 07:29:48 UTC,,,
0F6EEEFKZAQX9PZ4EREM2YPRSF,27.0,2409790,2022-12-19 07:30:18 UTC,,,
0F6EEERP1YNEPZXYYNTWV0CJ28,27.0,2409790,2022-12-19 07:30:48 UTC,,,
0F6EEF1SXP1DYX84ZSMF8KN946,27.0,2409790,2022-12-19 07:31:18 UTC,,,
0F6EEFAWDHXHQ4RNC016CMFBRX,27.0,2409790,2022-12-19 07:31:47 UTC,,,
0F6EEFM09FYKFCM15XDZSMSA9D,27.0,2409790,2022-12-19 07:32:17 UTC,,,
0F6EEFX47KZ80PMQXT4HZ2TA6Z,27.0,2409790,2022-12-19 07:32:47 UTC,,,
0F6EEG67PYYYVVQ9GVY5YBGSWA,27.0,2409790,2022-12-19 07:33:17 UTC,,,
0F6EEGF9HP459MQJD3TDKV2DW3,27.0,2409790,2022-12-19 07:33:47 UTC,,,
0F6EEGRDTVR7W9YGKFGWEAR28G,27.0,2409790,2022-12-19 07:34:17 UTC,,,
0F6EEH1GM41BKKEYYK2RWFC3AP,27.0,2409790,2022-12-19 07:34:47 UTC,,,
0F6EEHAMD8VT3E4NSXZKK77X05,27.0,2409790,2022-12-19 07:35:16 UTC,,,
0F6EEHKQRNMAZ7G0249TKHYPZ8,27.0,2409790,2022-12-19 07:35:46 UTC,,,
0F6EEHWTZMBB84KMSC9F9C1WGF,27.1,2409790,2022-12-19 07:36:16 UTC,,,
0F6EEJ5WDSF5FT3PVKVP04XST3,27.0,2409790,2022-12-19 07:36:46 UTC,,,
0F6EEJF0PY8JW93E5A8EEATXB1,27.1,2409790,2022-12-19 07:37:16 UTC,,,
0F6EEJR5ZQM1CEJN3KRQEME4NP,27.1,2409790,2022-12-19 07:37:46 UTC,,,
0F6EEK29CCJ19M8WTCWX1PV6K8,27.1,2409790,2022-12-19 07:38:19 UTC,,,
0F6EEKBC3CH5ZMHT0SVEGPWGJ8,27.1,2409790,2022-12-19 07:38:49 UTC,,,
0F6EEKP1HQX736A2YR0M050BWR,27.1,2409790,2022-12-19 07:39:23 UTC,,,
0F6EEKZ2Z0Q5T8PJS0MD05GYPN,27.1,2409790,2022-12-19 07:39:53 UTC,,,
0F6EEM86AT01XB0N8E4C1SR8CK,27.1,2409790,2022-12-19 07:40:23 UTC,,,
0F6EEMJX0D2GDFQ72BF2D7Y1KD,27.1,2409790,2022-12-19 07:40:58 UTC,,,
0F6EEMVZHDY1JJRBN6DEPHRKXR,27.1,2409790,2022-12-19 07:41:28 UTC,,,
0F6EEN57EDCZR822PF107N0MF2,27.1,2409790,2022-12-19 07:41:58 UTC,,,
0F6EENE9X5GQXP1Y1N5YMW5M2T,27.1,2409790,2022-12-19 07:42:28 UTC,,,
0F6EENQG8RSDNS46R9FQD4BYF2,27.1,2409790,2022-12-19 07:42:58 UTC,,,
0F6EEP0PNSHF5X3GSBTFF2CZGM,27.1,2409790,2022-12-19 07:43:28 UTC,,,
0F6EEP9YX8SR5964RQ6H6PWKD7,27.1,2409790,2022-12-19 07:43:58 UTC,,,
0F6EEPK1D0VKAAZXRE006646A7,27.1,2409790,2022-12-19 07:44:28 UTC,,,
0F6EEPW7WRZ3Z80GQDZD1EBXQN,27.2,2409790,2022-12-19 07:44:58 UTC,,,
0F6EEQ5AY6WS0GS0PDZ9A70X1X,27.2,2409790,2022-12-19 07:45:28 UTC,,,
0F6EEQEJSBDSN4NB0PCZBPNCXW,27.2,2409790,2022-12-19 07:45:58 UTC,,,
0F6EEQQN5TD5HQ1SH198TSSBKA,27.2,2409790,2022-12-19 07:46:28 UTC,,,
0F6EER0T8GRW6SA3124SEQRPFS,27.2,2409790,2022-12-19 07:46:58 UTC,,,
0F6EER9YV866WJQ9GHS435S71H,27.2,2409790,2022-12-19 07:47:28 UTC,,,
0F6EERK5ZHSWE1007J07VT6VVX,27.2,2409790,2022-12-19 07:47:58 UTC,,,
0F6EERW894FZ84H69XB9R1EQB6,27.2,2409790,2022-12-19 07:48:28 UTC,,,
0F6EES5E3Z2J7MXPCYJF3ASDEF,27.2,2409790,2022-12-19 07:48:58 UTC,,,
0F6EESEGQTWPWDNDMZ9XB27ZEF,27.2,2409790,2022-12-19 07:49:28 UTC,,,
0F6EESQQ6S1HGA8DHNQC35F44Y,27.2,2409790,2022-12-19 07:49:58 UTC,,,
0F6EET0X5J69TTHTGWF9HPPHJW,27.2,2409790,2022-12-19 07:50:28 UTC,,,
0F6EETA6JP5T5NRXT8B4HXYBKC,27.2,2409790,2022-12-19 07:50:59 UTC,,,
0F6EETKA2NEDZ3TEHTGAJPWQET,27.2,2409790,2022-12-19 07:51:29 UTC,,,
0F6EETWGX0PHSXEHA685Y0JE8D,27.2,2409790,2022-12-19 07:51:59 UTC,,,
0F6EEV5M82E5NXKFCQ72RJ65YE,27.2,2409790,2022-12-19 07:52:29 UTC,,,
0F6EEVF58GQYND0JDT1N8Z6WR5,27.2,2409790,2022-12-19 07:53:00 UTC,,,
0F6EEVR924NM77VTB6KJ3W4JDX,27.2,2409790,2022-12-19 07:53:30 UTC,,,
0F6EEW1RBSBVK1V5FYM7YB5VZM,27.2,2409790,2022-12-19 07:54:01 UTC,,,
0F6EEWAV8APM0BDHJ2FCVD0VVB,27.2,2409790,2022-12-19 07:54:31 UTC,,,
0F6EEWKYDBMHHJ58GNYDJ710QZ,27.2,2409790,2022-12-19 07:55:00 UTC,,,
0F6EEWX07KA4BZC2KS5RZHHT0B,27.2,2409790,2022-12-19 07:55:30 UTC,,,
0F6EEX62G30EJRZ08Q09GC9X82,27.2,2409790,2022-12-19 07:56:00 UTC,,,
0F6EEXF640DQYBXECDT3Q3X543,27.2,2409790,2022-12-19 07:56:30 UTC,,,
0F6EEXR9019P7MARKAA0MNR95R,27.2,2409790,2022-12-19 07:56:59 UTC,,,
0F6EEY1C9M70Y50NSR4Y6XP16Q,27.2,2409790,2022-12-19 07:57:29 UTC,,,
0F6EEYAHRWFKBEWN92KHBV8KVW,27.2,2409790,2022-12-19 07:57:59 UTC,,,
0F6EEYKJ6K7G6JCZG16EZJETGK,27.2,2409790,2022-12-19 07:58:29 UTC,,,
0F6EEYWQCSM9A2ET22FN8EKE70,27.2,2409790,2022-12-19 07:58:59 UTC,,,
0F6EEZ5SGJMJBNG74TRJ62RZQT,27.2,2409790,2022-12-19 07:59:29 UTC,,,
0F6EEZEZ98AQDEKB7GZD9K9M0K,27.3,2409790,2022-12-19 07:59:59 UTC,,,
0F6EEZR2KWARQWB3K53VQ5TC1Z,27.3,2409790,2022-12-19 08:00:28 UTC,,,
0F6EF0190Y3B0HBFEYJEHDC4HN,27.3,2409790,2022-12-19 08:00:59 UTC,,,
0F6EF0AC5NMHSM9YFE8PPZMM58,27.3,2409790,2022-12-19 08:01:28 UTC,,,
0F6EF0KJMR6PX8NAS3DAEPK5BS,27.2,2409790,2022-12-19 08:01:59 UTC,,,
0F6EF0WP6FHDNPNC2EQ5996CZT,27.2,2409790,2022-12-19 08:02:28 UTC,,,
0F6EF15VX98HCJM4TRZ5WMRS4T,27.2,2409790,2022-12-19 08:02:58 UTC,,,
0F6EF1EZSE4T7ZFTZ3399D88HN,27.2,2409790,2022-12-19 08:03:28 UTC,,,
0F6EF1R749YFXRNRNJH1JJW4QF,27.2,2409790,2022-12-19 08:03:59 UTC,,,
0F6EF219V1GMYWT1VHHAAK7NZK,27.2,2409790,2022-12-19 08:04:28 UTC,,,
0F6EF2AH41PKEYD2AT42GY784N,27.2,2409790,2022-12-19 08:04:59 UTC,,,
0F6EF2KNA4RMCPZYJ50B5MTYTX,27.2,2409790,2022-12-19 08:05:29 UTC,,,
0F6EF2WSV7KJ06YBA6K9MPWXJ9,27.2,2409790,2022-12-19 08:05:58 UTC,,,
0F6EF35X6XBHZ6JE3S9AJAGMM5,27.2,2409790,2022-12-19 08:06:28 UTC,,,
0F6EF3F20W0R24AV17X24YXEHG,27.2,2409790,2022-12-19 08:06:58 UTC,,,
0F6EF3R5KMQMZBQC146C687136,27.2,2409790,2022-12-19 08:07:28 UTC,,,
0F6EF41SEYXD8A6N2TK3YK3Q6V,27.2,2409790,2022-12-19 08:08:00 UTC,,,
0F6EF4AVBCVTD74Q42S2FE2XDE,27.2,2409790,2022-12-19 08:08:29 UTC,,,
0F6EF4KXX07V4XBEM9Y34ZZE1G,27.3,2409790,2022-12-19 08:08:59 UTC,,,
0F6EF4WZN8NB9988CBVYAN90Y7,27.3,2409790,2022-12-19 08:09:29 UTC,,,
0F6EF566BVT599JQPX9YYB6F8W,27.3,2409790,2022-12-19 08:09:59 UTC,,,
0F6EF5FA7D4GSC7PH3MJR5RMJT,27.3,2409790,2022-12-19 08:10:29 UTC,,,
0F6EF5RD3J235VRRB8DRM0FXFV,27.3,2409790,2022-12-19 08:10:59 UTC,,,
0F6EF61GCESFQXHGCGKBAVQVTZ,27.3,2409790,2022-12-19 08:11:28 UTC,,,
0F6EF6AQD0PAZSPNSBB3E77QWR,27.3,2409790,2022-12-19 08:11:59 UTC,,,
0F6EF6KS9R0JZ6ZG6291B9RWXA,27.3,2409790,2022-12-19 08:12:28 UTC,,,
0F6EF6WXVWYSHRSN32J9K5R9HX,27.3,2409790,2022-12-19 08:12:58 UTC,,,
0F6EF7604DDBFP56KPN6VJNYY2,27.3,2409790,2022-12-19 08:13:28 UTC,,,
0F6EF7F7672X8QW9NRGWPYW2XE,27.3,2409790,2022-12-19 08:13:58 UTC,,,
0F6EF7R926Z9TP4XQK4D574XEM,27.3,2409790,2022-12-19 08:14:28 UTC,,,
0F6EF81J6MMK1KRZVNKAGS5W0K,27.3,2409790,2022-12-19 08:14:58 UTC,,,
0F6EF8AMV2BBE4FAV7YH0YG7YN,27.3,2409790,2022-12-19 08:15:28 UTC,,,
0F6EF8KVC5VG12FTQV089NPBZC,27.3,2409790,2022-12-19 08:15:58 UTC,,,
0F6EF8WVYAXK7FRHGQ1G69KTC8,27.3,2409790,2022-12-19 08:16:28 UTC,,,
0F6EF962QGFDG7QEWQV8HGMS3R,27.3,2409790,2022-12-19 08:16:58 UTC,,,
0F6EF9F55TD9Z2XFWBFA5HD1AX,27.3,2409790,2022-12-19 08:17:28 UTC,,,
0F6EF9RCBM5MHFN9HPZA68PWJ8,27.3,2409790,2022-12-19 08:17:58 UTC,,,
0F6EFA1E8KJFSAV942AZJYM14W,27.3,2409790,2022-12-19 08:18:28 UTC,,,
0F6EFAAXH6R8AC82S5B2GCJKB4,27.3,2409790,2022-12-19 08:18:59 UTC,,,
0F6EFAKZYHD7DWDR1TT7Q5S1WN,27.3,2409790,2022-12-19 08:19:28 UTC,,,
0F6EFAX5PT3W3JYETQWCNVVWP3,27.3,2409790,2022-12-19 08:19:59 UTC,,,
0F6EFB69G292ZMYW1D5FFJ0EJ1,27.3,2409790,2022-12-19 08:20:28 UTC,,,
0F6EFBFE8HAQFG16H1MV1F77WW,27.3,2409790,2022-12-19 08:20:58 UTC,,,
0F6EFBRGWBJ8A334F4PG8CYKG1,27.3,2409790,2022-12-19 08:21:28 UTC,,,
0F6EFC1QG14ZJ1WKYT8MSXWN1T,27.3,2409790,2022-12-19 08:21:58 UTC,,,
0F6EFCASR40XXX26QSPMAXEJNR,27.4,2409790,2022-12-19 08:22:28 UTC,,,
0F6EFCM0W0JQTMQ7CJ8D47PV3N,27.3,2409790,2022-12-19 08:22:58 UTC,,,
0F6EFCX2RG2ZPE9W4K4HPZ27SZ,27.4,2409790,2022-12-19 08:23:28 UTC,,,
0F6EFD68HX6C4EKVBAFWXTS74Q,27.3,2409790,2022-12-19 08:23:58 UTC,,,
0F6EFDFAEFN3SHXQ2QMBY44XVG,27.4,2409790,2022-12-19 08:24:28 UTC,,,
0F6EFDRHNNRSRA20B7S7TNZ6Q2,27.4,2409790,2022-12-19 08:24:58 UTC,,,
0F6EFE1NERJBJR7FAP8694P0W8,27.4,2409790,2022-12-19 08:25:28 UTC,,,
0F6EFEAZ4RS95A07PP32T7T0JH,27.4,2409790,2022-12-19 08:25:58 UTC,,,
0F6EFEM2DXMGQF5XNEGV377Z6F,27.4,2409790,2022-12-19 08:26:28 UTC,,,
0F6EFEX994NB2JXJPDZGAR9T1Q,27.4,2409790,2022-12-19 08:26:58 UTC,,,
0F6EFF6BDNK21BX921PA89W60J,27.4,2409790,2022-12-19 08:27:28 UTC,,,
0F6EFFFKVG4DF5HCYM0G2SAFMG,27.4,2409790,2022-12-19 08:27:58 UTC,,,
0F6EFFRP8G4KXQ04TNR83N115P,27.4,2409790,2022-12-19 08:28:28 UTC,,,
0F6EFG1WYCDJSDS1NHB83Y4QE5,27.4,2409790,2022-12-19 08:28:58 UTC,,,
0F6EFGCS509KAD3F6SZH63KSHD,27.4,2409790,2022-12-19 08:29:34 UTC,,,
0F6EFGNW3D209PVGFTG7024P3X,27.4,2409790,2022-12-19 08:30:04 UTC,,,
0F6EFGYYW9EHPV5RZ55Q9DXYQM,27.4,2409790,2022-12-19 08:30:34 UTC,,,
0F6EFH81S66Y9892DWE7FJG2TC,27.4,2409790,2022-12-19 08:31:03 UTC,,,
0F6EFHH2XQHV6H063C86AQKKNE,27.4,2409790,2022-12-19 08:31:33 UTC,,,
0F6EFHT5BA6D8T0K73J9KQJZZY,27.4,2409790,2022-12-19 08:32:03 UTC,,,
0F6EFJ39FANEPDZEXN51SF8648,27.4,2409790,2022-12-19 08:32:33 UTC,,,
0F6EFJCAEVREJAZZB9S1WQ5NHA,27.4,2409790,2022-12-19 08:33:02 UTC,,,
0F6EFJND6S6GQ7B235FB4247YD,27.4,2409790,2022-12-19 08:33:32 UTC,,,
0F6EFJYFBS38ZZXJ50QXMHEGSZ,27.4,2409790,2022-12-19 08:34:02 UTC,,,
0F6EFK7GVWDV4YB2S554CSSF9X,27.4,2409790,2022-12-19 08:34:31 UTC,,,
0F6EFKGK24RGCJHKM8E94C2C2J,27.4,2409790,2022-12-19 08:35:01 UTC,,,
0F6EFKSPDZFH1SPMK8FTVPZ99B,27.4,2409790,2022-12-19 08:35:31 UTC,,,
0F6EFM2RB1YSSPCW7KW1AWBGQJ,27.4,2409790,2022-12-19 08:36:01 UTC,,,
0F6EFMBTN31WG7GPC295DJSNTJ,27.4,2409790,2022-12-19 08:36:30 UTC,,,
0F6EFMMYRGQP79NGDR7G2MQJYH,27.4,2409790,2022-12-19 08:37:00 UTC,,,
0F6EFMY1P5D2Y757BAKE8X9ZFT,27.4,2409790,2022-12-19 08:37:30 UTC,,,
0F6EFNA6936AWAEY03Q8B9BHP6,27.4,2409790,2022-12-19 08:38:10 UTC,,,
0F6EFNK8MQ57BMX2QK9CE7ET0B,27.4,2409790,2022-12-19 08:38:40 UTC,,,
0F6EFNWCJD97T7FMN6492T6DXA,27.4,2409790,2022-12-19 08:39:09 UTC,,,
0F6EFP5DYJRQMZHMV187520X56,27.4,2409790,2022-12-19 08:39:39 UTC,,,
0F6EFPEGTW39CJEY1AQPJP23F9,27.4,2409790,2022-12-19 08:40:09 UTC,,,
0F6EFPQJJHA9730T21G5THP8RJ,27.4,2409790,2022-12-19 08:40:39 UTC,,,
0F6EFQ0KY959PBRJK7DZFHKWQP,27.4,2409790,2022-12-19 08:41:08 UTC,,,
0F6EFQ9PNR4PT6D23BKM08TRFV,27.4,2409790,2022-12-19 08:41:38 UTC,,,
0F6EFQJTHMSNCWBWAG77T32NJ4,27.4,2409790,2022-12-19 08:42:08 UTC,,,
0F6EFQVWKN1DGF5BKKQF3SACEA,27.4,2409790,2022-12-19 08:42:38 UTC,,,
0F6EFR4ZXAEDABEQXYR2A8818A,27.4,2409790,2022-12-19 08:43:07 UTC,,,
0F6EFRE1X3ZN938A1ASSYE2P26,27.4,2409790,2022-12-19 08:43:37 UTC,,,
0F6EFRQ58YQV5YW6YCAKYG9XZ1,27.4,2409790,2022-12-19 08:44:07 UTC,,,
0F6EFS2AFX28X8AMFK5N9X6HJP,27.4,2409790,2022-12-19 08:44:43 UTC,,,
0F6EFSBD90EG4V4PYWAB9PZ6JE,27.4,2409790,2022-12-19 08:45:13 UTC,,,
0F6EFSMH5CY0XA0ZK1Z6DXRTJ4,27.4,2409790,2022-12-19 08:45:43 UTC,,,
0F6EFSXKK6GNEDC5D1XW6ER9XB,27.4,2409790,2022-12-19 08:46:13 UTC,,,
0F6EFT89475A1QP9JYDHBVW9SJ,27.5,2409790,2022-12-19 08:46:48 UTC,,,
0F6EFTHB6FD4Z1QPBWEY4F0XY3,27.5,2409790,2022-12-19 08:47:18 UTC,,,
0F6EFTW0CTN8XWZDNXTET2MH4K,27.4,2409790,2022-12-19 08:47:52 UTC,,,
0F6EFV54WRBW90W4S67R8XRGXW,27.4,2409790,2022-12-19 08:48:22 UTC,,,
0F6EFVE83WSY5930D27WNA0VTC,27.5,2409790,2022-12-19 08:48:52 UTC,,,
0F6EFVRXAVF494XMHPFRGY6CH9,27.5,2409790,2022-12-19 08:49:27 UTC,,,
0F6EFW26Y0VY9SYFD102SPQQEN,27.5,2409790,2022-12-19 08:49:58 UTC,,,
0F6EFWB9PJFN98T170D6AA2W6R,27.5,2409790,2022-12-19 08:50:27 UTC,,,
0F6EFWMEYREMVR4SG4D0Y0S7ZQ,27.5,2409790,2022-12-19 08:50:57 UTC,,,
0F6EFWXJ0D1GDMPW44YSDRF9EN,27.5,2409790,2022-12-19 08:51:27 UTC,,,
0F6EFX6RV3T5R32FTYVCZ5Q8CG,27.5,2409790,2022-12-19 08:51:57 UTC,,,
0F6EFXFT6HQ7APGMQK8V15HVMS,27.5,2409790,2022-12-19 08:52:27 UTC,,,
0F6EFXS8YVX9863M8XHZHHGMQ9,27.5,2409790,2022-12-19 08:52:58 UTC,,,
0F6EFY2CHTMZRN5EXK5K0T1XDB,27.5,2409790,2022-12-19 08:53:28 UTC,,,
0F6F1YKQJ4J2EAV3KKZKE2VHVF,24.7,2409790,2022-12-20 01:41:03 UTC,,,
0F6F2RCHK05YM6QYB0VNKMDA16,24.3,2409790,2022-12-20 02:26:06 UTC,,,
0F6F2RNM5WET1442YPX55FJKWE,24.3,2409790,2022-12-20 02:26:35 UTC,,,
0F6F2RYRCN0FK0FZK7MNBKDYZJ,24.3,2409790,2022-12-20 02:27:05 UTC,,,
0F6F2S7VS791X8TBATD3CPZRA7,24.3,2409790,2022-12-20 02:27:35 UTC,,,
0F6F2SGY72A74KJRDBFE90W5PM,24.3,2409790,2022-12-20 02:28:05 UTC,,,
0F6F2STBNA0A4XSABK1B8MDBE2,24.4,2409790,2022-12-20 02:28:36 UTC,,,
0F6F2T3E5ETMMWX02KEE2G3HC6,24.4,2409790,2022-12-20 02:29:05 UTC,,,
0F6F2TCF1SNB97K20SBF2JAH9P,24.4,2409790,2022-12-20 02:29:35 UTC,,,
0F6F2TNKYDXSZR95AT7EDZ48QF,24.5,2409790,2022-12-20 02:30:05 UTC,,,
0F6F2TYS08R61569ARHXBESH5S,24.4,2409790,2022-12-20 02:30:35 UTC,,,
0F6F2V7T0DC8VT9QR0QY4XJYG9,24.4,2409790,2022-12-20 02:31:05 UTC,,,
0F6F2VGYDVVSPP6W2E49D12P3E,24.4,2409790,2022-12-20 02:31:35 UTC,,,
0F6F2VT0P4WRF63TZKW51N553D,24.4,2409790,2022-12-20 02:32:04 UTC,,,
0F6F2W33SPVSD0PVPSR5X042DN,24.4,2409790,2022-12-20 02:32:34 UTC,,,
0F6F2WC5EAC04EE9T16B9SVF9A,24.4,2409790,2022-12-20 02:33:04 UTC,,,
0F6F2WN82JCP63YG4FE2WT5ME3,24.5,2409790,2022-12-20 02:33:33 UTC,,,
0F6F2WYBG370T1CX3V9D03C92A,24.5,2409790,2022-12-20 02:34:03 UTC,,,
0F6F2X7D3PENSHQ6HRN56J2B9A,24.5,2409790,2022-12-20 02:34:33 UTC,,,
0F6F2XGGAN8CTCRREC0BKFKBGN,24.5,2409790,2022-12-20 02:35:03 UTC,,,
0F6F2XSHJJWCM7ED0QM93Q6F2F,24.5,2409790,2022-12-20 02:35:32 UTC,,,
0F6F2Y2M8KF8SR1H2EZ2V4D9Z0,24.5,2409790,2022-12-20 02:36:02 UTC,,,
0F6F2YBQ0ER3BWN4FHCP380BN4,24.5,2409790,2022-12-20 02:36:32 UTC,,,
0F6F2YMPYG85ZR3NEVZ37FC8RR,24.5,2409790,2022-12-20 02:37:01 UTC,,,
0F6F2YXQ5GFNCTQQX1HZNZ75G4,24.5,2409790,2022-12-20 02:37:31 UTC,,,
0F6F2Z6S53FFA5D79W38EY5AS1,24.6,2409790,2022-12-20 02:38:01 UTC,,,
0F6F2ZFVD64BEN4552ZKH4SNJK,24.5,2409790,2022-12-20 02:38:30 UTC,,,
0F6F2ZS2Y74DFNGM01TXXBVDNY,24.4,2409790,2022-12-20 02:39:01 UTC,,,
0F6F3023DSE6T0MME6GZM0F893,24.4,2409790,2022-12-20 02:39:30 UTC,,,
0F6F30BTZWPWXR1MZS867WXPZ0,24.4,2409790,2022-12-20 02:40:02 UTC,,,
0F6F30N11T5QTKGV7WA626W9SM,24.4,2409790,2022-12-20 02:40:32 UTC,,,
0F6F30Y231QQFHDGYAKDWX9R0K,24.5,2409790,2022-12-20 02:41:02 UTC,,,
0F6F3173YXM3K826PA64ESXN2C,24.5,2409790,2022-12-20 02:41:31 UTC,,,
0F6F31G5B6KQSXM21T7ZB8TR24,24.5,2409790,2022-12-20 02:42:01 UTC,,,
0F6F31S8B2ER9GSMRKFSYSHN46,24.6,2409790,2022-12-20 02:42:31 UTC,,,
0F6F322F957RHR05G2M27H5RKF,24.6,2409790,2022-12-20 02:43:01 UTC,,,
0F6F32BJX7JPVAA2TMYNMGGBDT,24.5,2409790,2022-12-20 02:43:31 UTC,,,
0F6F32MNX9RDBCDRNKPJHTRXHG,24.6,2409790,2022-12-20 02:44:01 UTC,,,
0F6F32XQSA6STVRS5R9XW7THH4,24.6,2409790,2022-12-20 02:44:30 UTC,,,
0F6F3YHNH486XD3JYVRGH1KTCM,24.5,2409790,2022-12-20 03:32:47 UTC,,,
0F6F3YTQH2SZ3H6QYPHQS3AVM4,24.5,2409790,2022-12-20 03:33:17 UTC,,,
0F6F3Z3S3A9P07VYMRNS915E19,24.5,2409790,2022-12-20 03:33:46 UTC,,,
0F6F3ZCWJWNPXVFYMXHHY3DNFF,24.5,2409790,2022-12-20 03:34:16 UTC,,,
0F6F3ZNXN2GTW7REQBA4TD6YVY,24.6,2409790,2022-12-20 03:34:46 UTC,,,
0F6F3ZZ0YJ29VE3THE56C009AA,24.6,2409790,2022-12-20 03:35:16 UTC,,,
0F6F4080P8ZETMCEJMRBZHM5C6,24.6,2409790,2022-12-20 03:35:45 UTC,,,
0F6F40H2CA1V3N0CWNB0PCJAR5,24.7,2409790,2022-12-20 03:36:15 UTC,,,
0F6F40T45QW3VZZRXJ6Q36Q9VH,24.6,2409790,2022-12-20 03:36:44 UTC,,,
0F6F41358B3RDMNMTAGM6Q5374,24.5,2409790,2022-12-20 03:37:14 UTC,,,
0F6F41C79RXJTTSV3KAERK9D4T,24.5,2409790,2022-12-20 03:37:44 UTC,,,
0F6F41N7TMY0DVQQCV8K0VXKNP,24.6,2409790,2022-12-20 03:38:13 UTC,,,
0F6F41YAA87HQS0VH4YD5MASWW,24.6,2409790,2022-12-20 03:38:43 UTC,,,
0F6F427CWN9H843KT82HBQVTEW,24.6,2409790,2022-12-20 03:39:13 UTC,,,
0F6F42GDP797STPKB42ZTCG8XV,24.6,2409790,2022-12-20 03:39:42 UTC,,,
0F6F42SEK1ZKXQFGS2BV3NT7H7,24.5,2409790,2022-12-20 03:40:12 UTC,,,
0F6F432GBT1D1A9RJKQ1YY79TA,24.4,2409790,2022-12-20 03:40:41 UTC,,,
0F6F43BHTD0EC1SAYJ1QRJKDG3,24.3,2409790,2022-12-20 03:41:11 UTC,,,
0F6F43MT0XG0VA303V2BAPPE9B,24.2,2409790,2022-12-20 03:41:41 UTC,,,
0F6F43XWVWK6YA63TQZR4FXB2G,24.2,2409790,2022-12-20 03:42:11 UTC,,,
0F6F446ZGSJZSHTKZ50RTKAHVZ,24.1,2409790,2022-12-20 03:42:41 UTC,,,
0F6F44G0V358NM2NZ4SJ9SXBZR,24.1,2409790,2022-12-20 03:43:11 UTC,,,
0F6F44S333GE4211AGCDK64JV2,24.1,2409790,2022-12-20 03:43:40 UTC,,,
0F6F452579HF1GYV1PC1F7ZVY5,24.1,2409790,2022-12-20 03:44:10 UTC,,,
0F6F45B77XVYJNEDWSD1NHNMJS,24.1,2409790,2022-12-20 03:44:40 UTC,,,
0F6F45MAQRN2ZCGBFA6A8WS41J,24.0,2409790,2022-12-20 03:45:10 UTC,,,
0F6F45XDRJZ5G09W4CSVQ4R5ST,24.0,2409790,2022-12-20 03:45:39 UTC,,,
0F6F466EZZ5PPW72AKNFHYD4X0,24.0,2409790,2022-12-20 03:46:09 UTC,,,
0F6F46FJV38JJB3VKYC4K66Y0M,24.0,2409790,2022-12-20 03:46:39 UTC,,,
0F6F46RPRMMB7GTW1N7J093M8K,24.1,2409790,2022-12-20 03:47:09 UTC,,,
0F6F471R3RC8WG2M1TN63JF1MH,24.2,2409790,2022-12-20 03:47:38 UTC,,,
0F6F47ATZDYN0A1VDH50MW7EZ2,24.2,2409790,2022-12-20 03:48:08 UTC,,,
0F6F47KXJFSNAZHDV6HWHMH4K6,24.2,2409790,2022-12-20 03:48:38 UTC,,,
0F6F47WZ8WRMXGF6GY3N95MJX1,24.1,2409790,2022-12-20 03:49:08 UTC,,,
0F6F48614Z2FYW60CW3WEV1P63,24.1,2409790,2022-12-20 03:49:37 UTC,,,
0F6F48F2NV2KYH8JMTWHGAGTWA,24.1,2409790,2022-12-20 03:50:07 UTC,,,
0F6F48R49VKQPB7F5FGHY41Q11,24.1,2409790,2022-12-20 03:50:37 UTC,,,
0F6F4914S9J29FTQ5BQVCE3Y03,24.1,2409790,2022-12-20 03:51:06 UTC,,,
0F6F49A6XR4Z1GZFN2B2PJZX48,24.1,2409790,2022-12-20 03:51:36 UTC,,,
0F6F49K8ERTSP5KP7AGNEEQN1T,24.1,2409790,2022-12-20 03:52:06 UTC,,,
0F6F49W994WHP1YVHXJBY4HX4V,24.1,2409790,2022-12-20 03:52:35 UTC,,,
0F6F4A5ANXM322MAMPQR6C5F4D,24.1,2409790,2022-12-20 03:53:05 UTC,,,
0F6F4AEC54WJDZSR3CJJPQNY3S,24.1,2409790,2022-12-20 03:53:34 UTC,,,
0F6F4AQCG3PE85VM3B78NQKD1V,24.0,2409790,2022-12-20 03:54:04 UTC,,,
0F6F4B0CPGRKT3QT6G5JGK9XX0,24.0,2409790,2022-12-20 03:54:33 UTC,,,
0F6F4B9F7NM850NNGH2JFTVXW5,24.0,2409790,2022-12-20 03:55:03 UTC,,,
0F6F4BJHHZJEX66BNDGR4M93KJ,24.0,2409790,2022-12-20 03:55:33 UTC,,,
0F6F4BVP7PCH1HFAW05W7KNN67,24.0,2409790,2022-12-20 03:56:03 UTC,,,
0F6F4C4S1A0DS1466MM8P57H7W,24.0,2409790,2022-12-20 03:56:33 UTC,,,
0F6F4CDV54SYVY0N87W9W9GHN9,24.0,2409790,2022-12-20 03:57:02 UTC,,,
0F6F4CPW8WTCVQE4743H707389,24.0,2409790,2022-12-20 03:57:32 UTC,,,
0F6F4CZZ1K7CTPQWA15MSHADGZ,24.0,2409790,2022-12-20 03:58:02 UTC,,,
0F6F4D9118FJ4EA6BG9172VHPN,24.0,2409790,2022-12-20 03:58:31 UTC,,,
0F6F4DJ3Z5XWNY49SXKCSZWGBJ,24.0,2409790,2022-12-20 03:59:01 UTC,,,
0F6F4DV6RT6EGQNKV9X77G4RR2,24.1,2409790,2022-12-20 03:59:31 UTC,,,
0F6F4E46WVFC1V7Y4FYXWVCNR0,24.1,2409790,2022-12-20 04:00:01 UTC,,,
0F6F4EDBC8CJDC93EPXK97469M,24.0,2409790,2022-12-20 04:00:30 UTC,,,
0F6F4EPF0BSV5Z6D9NJS7947XZ,24.0,2409790,2022-12-20 04:01:00 UTC,,,
0F6F4EZGG7Q9GQNCR0JX7JE7ZQ,23.9,2409790,2022-12-20 04:01:30 UTC,,,
0F6F4F8J9T9WGN1EPAS8XH2D17,23.9,2409790,2022-12-20 04:02:00 UTC,,,
0F6F4FHM3Y07VXMV2EYAZNTT1Q,23.9,2409790,2022-12-20 04:02:29 UTC,,,
0F6F4FTQ8WMJRHBRAK0TNJXJ56,23.9,2409790,2022-12-20 04:02:59 UTC,,,
0F6F4G3RR46HMFA8AY0DMJTS03,24.0,2409790,2022-12-20 04:03:29 UTC,,,
0F6F4GCSFJ69YW4JVWE5DYPZYX,24.0,2409790,2022-12-20 04:03:58 UTC,,,
0F6F4GNVW9MW63NT7FH4DXC9DR,23.9,2409790,2022-12-20 04:04:28 UTC,,,
0F6F4GYW4V92BH15KH06EER2HS,23.9,2409790,2022-12-20 04:04:58 UTC,,,
0F6F4H7ZFJ7ZN7D9064HRYRX7A,23.8,2409790,2022-12-20 04:05:27 UTC,,,
0F6F4HH2G45ZM0ZKD2AQ5VECGP,23.9,2409790,2022-12-20 04:05:57 UTC,,,
0F6F4HT3A359D40NYX2R0TM5P8,23.9,2409790,2022-12-20 04:06:27 UTC,,,
0F6F4J36ZBQJQ7CCSG89YHJWXT,24.0,2409790,2022-12-20 04:06:57 UTC,,,
0F6F4JC9DP2TCXWBWKZQ2NKJYT,24.0,2409790,2022-12-20 04:07:26 UTC,,,
0F6F4JNAR0DZFB2RM2DQ7TFWR2,24.0,2409790,2022-12-20 04:07:56 UTC,,,
0F6F4JYE6MZBZQ2EBEWXQ44708,24.0,2409790,2022-12-20 04:08:26 UTC,,,
0F6F4K7GC10KQAB1C01X1SGEV2,24.0,2409790,2022-12-20 04:08:56 UTC,,,
0F6F4KGJN6Y3MMEN6X7S8JFVNA,24.0,2409790,2022-12-20 04:09:25 UTC,,,
0F6F4KSP2YJK3YM9K9YV8X8E2X,24.0,2409790,2022-12-20 04:09:55 UTC,,,
0F6F4M2T4B89EP9H15DCWD3JAV,24.1,2409790,2022-12-20 04:10:25 UTC,,,
0F6F4MBVA6VQYP51XNX2W0BPKR,24.1,2409790,2022-12-20 04:10:55 UTC,,,
0F6F4MMWV09PHAFPV1EBFK19ZB,24.1,2409790,2022-12-20 04:11:24 UTC,,,
0F6F4MXYV1TW88NZJCAX0NQ6DM,24.1,2409790,2022-12-20 04:11:54 UTC,,,
0F6F4N70K1RFE9H25P0HS3TW6A,24.0,2409790,2022-12-20 04:12:24 UTC,,,
0F6F4NG10B9DG5XQC9VH8D2M09,24.0,2409790,2022-12-20 04:12:53 UTC,,,
0F6F4NS28W4N9C6N4759810MTE,24.0,2409790,2022-12-20 04:13:23 UTC,,,
0F6F4P234SE3B86Q94JG2V3RKY,24.1,2409790,2022-12-20 04:13:52 UTC,,,
0F6F4PB5BC8NGSV5R9VPVRM01S,24.1,2409790,2022-12-20 04:14:22 UTC,,,
0F6F4PMA2J9HJ96ABWAVADB3FH,24.1,2409790,2022-12-20 04:14:52 UTC,,,
0F6F4PXBS4CRFRNAERM6FDHANZ,24.0,2409790,2022-12-20 04:15:22 UTC,,,
0F6F4Q6EA69F0XZCRFSGJT4SGW,24.1,2409790,2022-12-20 04:15:52 UTC,,,
0F6F4QFHAGSPBEZGN5ABJHGJYN,24.0,2409790,2022-12-20 04:16:21 UTC,,,
0F6F4QRN94RK7NGAM2MQK29H1J,24.0,2409790,2022-12-20 04:16:51 UTC,,,
0F6F4R1QCJ11Z9EVQHX52MBK1K,24.0,2409790,2022-12-20 04:17:21 UTC,,,
0F6F4RATZV55EFYCKGD8FZ2Q33,24.1,2409790,2022-12-20 04:17:51 UTC,,,
0F6F4RKVQWYGCSY2Q6FMBYYTPB,24.1,2409790,2022-12-20 04:18:20 UTC,,,
0F6F4RX09F0RX8HSQT71AKYJS6,24.0,2409790,2022-12-20 04:18:50 UTC,,,
0F6F4S6374E05ASD8MT8XPCZPM,24.0,2409790,2022-12-20 04:19:20 UTC,,,
0F6F4SFB8ZXHNJV00D8BP8B4HC,24.0,2409790,2022-12-20 04:19:50 UTC,,,
0F6F4SRDC4BCGBKR014SY6ZPTJ,24.1,2409790,2022-12-20 04:20:20 UTC,,,
0F6F4T1KZ2D00X09WH1GZBYDDF,24.1,2409790,2022-12-20 04:20:50 UTC,,,
0F6F4TAN169BVJT114AMHFRZZH,24.1,2409790,2022-12-20 04:21:20 UTC,,,
0F6F4TKWKHQCYBC9C2RWNCNCYF,24.1,2409790,2022-12-20 04:21:50 UTC,,,
0F6F4TWXTJ3AYS96J4ZRYPZX29,24.1,2409790,2022-12-20 04:22:20 UTC,,,
0F6F4V62V5EZ8PMKNYWE0Y236J,24.1,2409790,2022-12-20 04:22:50 UTC,,,
0F6F4VF4FXRQ8X39A0YPWHB4S4,24.2,2409790,2022-12-20 04:23:19 UTC,,,
0F6F4VRBCG1Q0WJ4EC87NS9SPR,24.2,2409790,2022-12-20 04:23:50 UTC,,,
0F6F4W1BQKFRJMYQDSZF6KCTKJ,24.1,2409790,2022-12-20 04:24:19 UTC,,,
0F6F4WAJ0WQ4XNM1GDSSXWD1Q8,24.1,2409790,2022-12-20 04:24:49 UTC,,,
0F6F4WKMWF4RS5FFPXBJ57EBAK,24.1,2409790,2022-12-20 04:25:19 UTC,,,
0F6F4WWQX5FVGRHKPK4EKYQ8VS,24.2,2409790,2022-12-20 04:25:49 UTC,,,
0F6F4X5WY06F8GGD4HFF1J04QV,24.2,2409790,2022-12-20 04:26:19 UTC,,,
0F6F4XF60G295KEXDDN3FWX5KC,24.2,2409790,2022-12-20 04:26:49 UTC,,,
0F6F4XR9GQ5HZWBMA4995FSWZF,24.2,2409790,2022-12-20 04:27:19 UTC,,,
0F6F4Y1RFQF2MM7Z5P7RQAFKJ2,24.2,2409790,2022-12-20 04:27:50 UTC,,,
0F6F4YATY35EWAPSX451QXKYPN,24.3,2409790,2022-12-20 04:28:20 UTC,,,
0F6F4YM2MPBCYSAH94BE8PBQCT,24.3,2409790,2022-12-20 04:28:50 UTC,,,
0F6F4YX503KHWTD4WSKWKAMQMS,24.4,2409790,2022-12-20 04:29:20 UTC,,,
0F6F4Z6BZRDDXQTXPWXNW7N6XC,24.4,2409790,2022-12-20 04:29:50 UTC,,,
0F6F4ZFDCAF24K5VZ9GQNSHK7R,24.4,2409790,2022-12-20 04:30:20 UTC,,,
0F6F4ZRNXKJE8QH3RG57CMDWF6,24.4,2409790,2022-12-20 04:30:50 UTC,,,
0F6F501RZR84PWSSQH8MT6Q043,24.4,2409790,2022-12-20 04:31:20 UTC,,,
0F6F50AZXX5JCC3APQDFTWVV0Y,24.4,2409790,2022-12-20 04:31:50 UTC,,,
0F6F50M2ANDRP9PZ7EJT32KRYP,24.4,2409790,2022-12-20 04:32:20 UTC,,,
0F6F50X5ZS2TACJCTFK8EG8Y42,24.4,2409790,2022-12-20 04:32:50 UTC,,,
0F6F516752YMSPEMQPNA6JZ790,24.4,2409790,2022-12-20 04:33:19 UTC,,,
0F6F51FCJS1VSYCAMJGB23E807,24.4,2409790,2022-12-20 04:33:49 UTC,,,
0F6F51RE97R6P9W3ZK33ZVE942,24.5,2409790,2022-12-20 04:34:19 UTC,,,
0F6F521J3ZCB2XFKC9E9NNTQ96,24.5,2409790,2022-12-20 04:34:49 UTC,,,
0F6F52ANHV5E3AHTKR3G6R035Y,24.5,2409790,2022-12-20 04:35:19 UTC,,,
0F6F52KRKKSY1Q8RE3HA5TK80N,24.5,2409790,2022-12-20 04:35:49 UTC,,,
0F6F52WRR1RKX20G9RFFEE2EZM,24.5,2409790,2022-12-20 04:36:18 UTC,,,
0F6F535WWM8GP8JWFWFEBEPB0X,24.5,2409790,2022-12-20 04:36:48 UTC,,,
0F6F53F00TV62D3SC6APNYSE6K,24.4,2409790,2022-12-20 04:37:18 UTC,,,
0F6F53R1RS99TMXSRHZADHZ9W5,24.4,2409790,2022-12-20 04:37:48 UTC,,,
0F6F5413YDEH3MHJRB3NTFJ1CK,24.4,2409790,2022-12-20 04:38:17 UTC,,,
0F6F54A6FQQHJG1028ZHWCCQVE,24.4,2409790,2022-12-20 04:38:47 UTC,,,
0F6F54KBH4WG9VVKHB078MCQ6T,24.4,2409790,2022-12-20 04:39:17 UTC,,,
0F6F54WDZSFHGNNR6JCZ4K7F15,24.4,2409790,2022-12-20 04:39:47 UTC,,,
0F6F555K2F9DY3SA2SC41DPDTF,24.4,2409790,2022-12-20 04:40:17 UTC,,,
0F6F55EK8HJJ1SQ63EXZ636E00,24.4,2409790,2022-12-20 04:40:46 UTC,,,
0F6F55QP95NTZV255BK3QHE40D,24.4,2409790,2022-12-20 04:41:16 UTC,,,
0F6F560PHCKMVTC552Y4MQ6RS8,24.4,2409790,2022-12-20 04:41:46 UTC,,,
0F6F569RVDKRQQS0MK9AFXDY8W,24.4,2409790,2022-12-20 04:42:15 UTC,,,
0F6F56JV4XPGC9TEEN943RSHZF,24.4,2409790,2022-12-20 04:42:45 UTC,,,
0F6F56VX6DY6VCSY8PC6HVMVNP,24.4,2409790,2022-12-20 04:43:15 UTC,,,
0F6F574YX4Z0JKEFKKVT4T0G5B,24.4,2409790,2022-12-20 04:43:44 UTC,,,
0F6F57DYZES1SH3WP87K95SQRQ,24.4,2409790,2022-12-20 04:44:14 UTC,,,
0F6F57PYWZ2Q5MR4QAZ3T7P5QQ,24.4,2409790,2022-12-20 04:44:43 UTC,,,
0F6F57ZZSVD37EJEYCPSXN75AM,24.4,2409790,2022-12-20 04:45:13 UTC,,,
0F6F5890KGB8V78W0N69441GFN,24.4,2409790,2022-12-20 04:45:43 UTC,,,
0F6F58J2QGXATJ791FF33R9ABK,24.4,2409790,2022-12-20 04:46:12 UTC,,,
0F6F58V82J0NRE1YSQ7ZRE4GRP,24.4,2409790,2022-12-20 04:46:42 UTC,,,
0F6F594A3BMK8QZGHFQS16ZCC4,24.4,2409790,2022-12-20 04:47:12 UTC,,,
0F6F59DC29N3Z1M1S93AEHJ9T2,24.4,2409790,2022-12-20 04:47:42 UTC,,,
0F6F59PD21YPZ34BFJ29P2G4F5,24.5,2409790,2022-12-20 04:48:11 UTC,,,
0F6F59ZEPJ2VJVZWY9PRKJ4JE7,24.5,2409790,2022-12-20 04:48:41 UTC,,,
0F6F5A8H0XY3FCWR9Q5FKBWMTH,24.5,2409790,2022-12-20 04:49:11 UTC,,,
0F6F5AHHQTN6RTGX7DFATFNPK3,24.5,2409790,2022-12-20 04:49:40 UTC,,,
0F6F5ATHEA8CNV4A9NN0MNGWCH,24.5,2409790,2022-12-20 04:50:10 UTC,,,
0F6F5B3PR8F2ZDRM7NPSBFGVT3,24.5,2409790,2022-12-20 04:50:40 UTC,,,
0F6F5BCTDNTFYTB11F54GF300G,24.5,2409790,2022-12-20 04:51:10 UTC,,,
0F6F5BNWKMNQYA7KX569E1ZANQ,24.4,2409790,2022-12-20 04:51:39 UTC,,,
0F6F5BYZ43B14NPKY2WV5WATZE,24.4,2409790,2022-12-20 04:52:09 UTC,,,
0F6F5C8038KT7TGYMYMJ6KQV35,24.4,2409790,2022-12-20 04:52:39 UTC,,,
0F6F5CH5748DH9YFFJW3JZ6MAW,24.4,2409790,2022-12-20 04:53:09 UTC,,,
0F6F5CTA6MTJB0Q4S0XE7Z3MJQ,24.3,2409790,2022-12-20 04:53:39 UTC,,,
0F6F5D3E25AVMN5D35ZG2BH8X7,24.3,2409790,2022-12-20 04:54:09 UTC,,,
0F6F5DCJ9X88Q9HERGXV12NEDG,24.2,2409790,2022-12-20 04:54:38 UTC,,,
0F6F5DNMTM6D4F0H784QAXPAR1,24.2,2409790,2022-12-20 04:55:08 UTC,,,
0F6F5DYRS4Y7GZ204CCX38QQ67,24.2,2409790,2022-12-20 04:55:38 UTC,,,
0F6F5E7V9KQQF1JGBWVJ90WN4D,24.1,2409790,2022-12-20 04:56:08 UTC,,,
0F6F5EGZZ58SBAP6DYXS4WJ2X2,24.0,2409790,2022-12-20 04:56:38 UTC,,,
0F6F5ET4ZP5G1A6DPYMCRH3Q16,24.0,2409790,2022-12-20 04:57:08 UTC,,,
0F6F5F355BXD56W7J18JHBJTX9,24.0,2409790,2022-12-20 04:57:37 UTC,,,
0F6F5FC5A2HDT16A69HKRPQ27P,24.0,2409790,2022-12-20 04:58:07 UTC,,,
0F6F5FN6QMNM1MQH63YAT9K8VF,24.0,2409790,2022-12-20 04:58:37 UTC,,,
0F6F5FY8GKC9PGJ72TW175V2QQ,24.0,2409790,2022-12-20 04:59:06 UTC,,,
0F6F5G7ATXWTJ0TBB0F8WHDQMQ,24.0,2409790,2022-12-20 04:59:36 UTC,,,
0F6F5GGDH0SAR973ZJ8ZBPK3EJ,23.9,2409790,2022-12-20 05:00:06 UTC,,,
0F6F5GSFGZ5XC4NEF9ZQWRSG71,23.9,2409790,2022-12-20 05:00:35 UTC,,,
0F6F5H2HQZHWE9ATVT4FCN0Y8D,23.8,2409790,2022-12-20 05:01:05 UTC,,,
0F6F5HBKP3R6YKKNZM6FDPDCQZ,23.9,2409790,2022-12-20 05:01:35 UTC,,,
0F6F5VVMA7NEYR33N0RFK9N36B,25.3,2409790,2022-12-20 05:19:56 UTC,,,
0F6F5W4QQ0VN1JZG9RKJ9R9J53,25.3,2409790,2022-12-20 05:20:26 UTC,,,
0F6F5WE90YW677J9BAXZ0G65YX,25.1,2409790,2022-12-20 05:20:57 UTC,,,
0F6F5WQC9N6E35JA481HGFADHF,25.1,2409790,2022-12-20 05:21:27 UTC,,,
0F6F5X0ED226YJC234JH7FJ65G,25.0,2409790,2022-12-20 05:21:56 UTC,,,
0F6F5X9GZZS1Z7N3R2JYPGBA7Y,24.9,2409790,2022-12-20 05:22:26 UTC,,,
0F6F5XJMYTKB93GQNH4XM1YH8T,25.2,2409790,2022-12-20 05:22:56 UTC,,,
0F6F5XVRK8C5BS98QYJH4KGXDM,25.4,2409790,2022-12-20 05:23:26 UTC,,,
0F6F5Y4WXZKG9AE0EDXE5JRZVG,25.5,2409790,2022-12-20 05:23:56 UTC,,,
0F6F5YE7KSYYXBSJZZQSFYVBJG,25.7,2409790,2022-12-20 05:24:27 UTC,,,
0F6F5YQBG52DXHFQXGTMAZ61MT,25.8,2409790,2022-12-20 05:24:56 UTC,,,
0F6F5Z0ETT9TSPJP0XEX869VVA,25.9,2409790,2022-12-20 05:25:26 UTC,,,
0F6F5Z9KC0FXCF7HHN0GKV26P4,25.9,2409790,2022-12-20 05:25:56 UTC,,,
0F6F5ZJQGQ42JWWZAS4A2FFZF1,26.0,2409790,2022-12-20 05:26:26 UTC,,,
0F6F5ZXRNNCVGBMFY9PH70S5RC,26.1,2409790,2022-12-20 05:27:02 UTC,,,
0F6F6076D2N2134VR5JD9JY79P,26.1,2409790,2022-12-20 05:27:33 UTC,,,
0F6F60G9MCNPV7H69TZGQHTEYA,26.2,2409790,2022-12-20 05:28:03 UTC,,,
0F6F60SPSRE5G60NCVH67ETFNK,26.2,2409790,2022-12-20 05:28:34 UTC,,,
0F6F612S8903XS9AE4JCJBVT9M,26.2,2409790,2022-12-20 05:29:04 UTC,,,
0F6F61BTX3M2ZFT077SHKRGT8R,26.2,2409790,2022-12-20 05:29:33 UTC,,,
0F6F61MYEE1FFS4XVQM3T7S887,26.3,2409790,2022-12-20 05:30:03 UTC,,,
0F6F61Y0YERNXQR5NDECR8Q4V3,26.3,2409790,2022-12-20 05:30:33 UTC,,,
0F6F6272MS3XYSFVKANW2554EH,26.3,2409790,2022-12-20 05:31:03 UTC,,,
0F6F62G52FK3ST1NS48A2K2KZ7,26.3,2409790,2022-12-20 05:31:32 UTC,,,
0F6F62S643M1QZ18S1K5CKVJNT,26.4,2409790,2022-12-20 05:32:02 UTC,,,
0F6F6328JZJ9MMQ2GM51J35DT0,26.4,2409790,2022-12-20 05:32:32 UTC,,,
0F6F63BJNS2FSFEPD5MMTWSSAW,26.4,2409790,2022-12-20 05:33:02 UTC,,,
0F6F63MN6AYXRWED7D1DSV1DNB,26.4,2409790,2022-12-20 05:33:32 UTC,,,
0F6F63XQ6W20CXX8PAH3DFD9X7,26.4,2409790,2022-12-20 05:34:02 UTC,,,
0F6F646V44VZVNJB80SFTS3K1X,26.4,2409790,2022-12-20 05:34:31 UTC,,,
0F6F64FWEF6P3DF5EV3X7V11RW,26.3,2409790,2022-12-20 05:35:01 UTC,,,
0F6F64RYGDHAZZYSFXP1766CNX,26.4,2409790,2022-12-20 05:35:31 UTC,,,
0F6F6520MMTA0R9B0H0RCMX4X0,26.4,2409790,2022-12-20 05:36:00 UTC,,,
0F6F65B3S352QY4TWX876D8W2D,26.4,2409790,2022-12-20 05:36:30 UTC,,,
0F6F65M61WJRD0FE441TG3ZSKM,26.4,2409790,2022-12-20 05:37:00 UTC,,,
0F6F65X8K2BXD0GEHTYBBB7NZD,26.5,2409790,2022-12-20 05:37:30 UTC,,,
0F6F666BBN80MT7SJFDFGHBBPK,26.5,2409790,2022-12-20 05:38:00 UTC,,,
0F6F66FF2QBGA7HQ8S36TYH49P,26.6,2409790,2022-12-20 05:38:29 UTC,,,
0F6F66RH5Y4HQTCRRJEY1TTG45,26.6,2409790,2022-12-20 05:38:59 UTC,,,
0F6F671KZFT8DQNWKAWXZS7W5A,26.5,2409790,2022-12-20 05:39:29 UTC,,,
0F6F67APTRR6GA4MCPVQJQYJ74,26.4,2409790,2022-12-20 05:39:59 UTC,,,
0F6F67KTT0039Q3Y354JEVYJTH,26.3,2409790,2022-12-20 05:40:29 UTC,,,
0F6F67WVMDZAWCQX73VM00ZHGK,26.1,2409790,2022-12-20 05:40:58 UTC,,,
0F6F685Z0Z7AASAYPKXH6Z2MYK,26.1,2409790,2022-12-20 05:41:28 UTC,,,
0F6F68F1ACFAZAG9ENM59P9H88,26.0,2409790,2022-12-20 05:41:58 UTC,,,
0F6F68R3HGDCM6F7CS796606EH,25.9,2409790,2022-12-20 05:42:27 UTC,,,
0F6F6917QGF86JX63HC349GKA2,25.8,2409790,2022-12-20 05:42:57 UTC,,,
0F6F69AA808SEBBPZRP9Q1F04Q,25.7,2409790,2022-12-20 05:43:27 UTC,,,
0F6F69M2RCM1ZE5DKHP4ESZA36,25.6,2409790,2022-12-20 05:43:59 UTC,,,
0F6F69X6M7J2DXH12A0YKHHSGT,25.6,2409790,2022-12-20 05:44:29 UTC,,,
0F6F6A68XC4F39C1JDSJ2YCSG3,25.6,2409790,2022-12-20 05:44:59 UTC,,,
0F6F6AFA8352W25KXRHRB21SG6,25.5,2409790,2022-12-20 05:45:28 UTC,,,
0F6F6ARCHTTZ7QRB6S93A0KC50,25.4,2409790,2022-12-20 05:45:58 UTC,,,
0F6F6B1EE5GFY9F738EEVB24P0,25.3,2409790,2022-12-20 05:46:28 UTC,,,
0F6F6BAFX2PN6KHX77510M1NH1,25.3,2409790,2022-12-20 05:46:57 UTC,,,
0F6F6BKHMV6QV8QF5TAR94RSCZ,25.2,2409790,2022-12-20 05:47:27 UTC,,,
0F6F6BWMRV5DTB32XD2G8DFF7R,25.2,2409790,2022-12-20 05:47:57 UTC,,,
0F6F6C5P518KT3N5DQKHXGCDJ9,25.2,2409790,2022-12-20 05:48:27 UTC,,,
0F6F6CET9XYV0P7HNN0KCJ2SY5,25.0,2409790,2022-12-20 05:48:56 UTC,,,
0F6F6CS5QBVD0Y3EJ0D7EV5QBR,25.0,2409790,2022-12-20 05:49:30 UTC,,,
0F6F6D28JFX8C08XRE0NCCD8HH,25.0,2409790,2022-12-20 05:50:00 UTC,,,
0F6F6DB9PNEWN7ZTKJ4C560W40,24.9,2409790,2022-12-20 05:50:30 UTC,,,
0F6F6DMBWW0FVJYDBP4D32T6SF,24.9,2409790,2022-12-20 05:50:59 UTC,,,
0F6F6DXDWDW77T4ZHY48M19JY1,24.8,2409790,2022-12-20 05:51:29 UTC,,,
0F6F6E79BVMH2YDPNB581TWTWT,24.7,2409790,2022-12-20 05:52:01 UTC,,,
0F6F6EGCE3YFFH87QPV62GAVEY,24.6,2409790,2022-12-20 05:52:31 UTC,,,
0F6F6ESDE2D16PJKTGPCP0FTMH,24.5,2409790,2022-12-20 05:53:01 UTC,,,
0F6F6F41NR8SCZBC8V4CZKBZ5F,24.5,2409790,2022-12-20 05:53:36 UTC,,,
0F6F6FD4H8PDQTAPXP0BY9H3DP,24.4,2409790,2022-12-20 05:54:06 UTC,,,
0F6F6FS8NNDENY7J9VF8YWR7A0,24.2,2409790,2022-12-20 05:54:45 UTC,,,
0F6F6G2C6CQP5NHKRD8PTZRW1Y,24.2,2409790,2022-12-20 05:55:15 UTC,,,
0F6F6GBDCY7QYDW9V9SHDNK5TN,24.3,2409790,2022-12-20 05:55:45 UTC,,,
0F6F6GMG08GWKQY6ARAZDCETJ7,24.4,2409790,2022-12-20 05:56:14 UTC,,,
0F6F6GXM77NXBQZ6M75YCTCVVJ,24.4,2409790,2022-12-20 05:56:44 UTC,,,
0F6F6H6PHZPXZTGRDNPA9X9XC3,24.5,2409790,2022-12-20 05:57:14 UTC,,,
0F6F6HFSF5X1JSG6S4HRJ44M7D,24.5,2409790,2022-12-20 05:57:44 UTC,,,
0F6F6HRWR2G5BS95S4GDD48FQZ,24.6,2409790,2022-12-20 05:58:14 UTC,,,
0F6F6J3FHM7V221BEZNF2TZDXN,24.6,2409790,2022-12-20 05:58:48 UTC,,,
0F6F6JCK4ENRN8TNB2MXQ7W5PR,24.7,2409790,2022-12-20 05:59:18 UTC,,,
0F6F6JNPFYQ1XR2ZB3B8VHCXVN,24.7,2409790,2022-12-20 05:59:48 UTC,,,
0F6F6JYS57S6D0CCKWS0M72PXD,24.7,2409790,2022-12-20 06:00:18 UTC,,,
0F6F6K7VNKWWQHSET7QPE9PAP8,24.8,2409790,2022-12-20 06:00:48 UTC,,,
0F6F6KGYR4FD8XHDB80CARF9ET,24.8,2409790,2022-12-20 06:01:17 UTC,,,
0F6F6KT2FDMVBKVDAVZQFHSAFP,24.8,2409790,2022-12-20 06:01:47 UTC,,,
0F6F6M4PHS6556R3J7QNC0Q4KS,24.8,2409790,2022-12-20 06:02:22 UTC,,,
0F6F6MFSRYC4JW23TZ2951E5SN,24.8,2409790,2022-12-20 06:02:59 UTC,,,
0F6F6MRXZ501GYXT58KNQ8RQQM,24.9,2409790,2022-12-20 06:03:28 UTC,,,
0F6F6N20VEYRZZXQQ13B02ZP29,24.9,2409790,2022-12-20 06:03:58 UTC,,,
0F6F6NB3NMTE2MBK0KF76XKX7C,24.9,2409790,2022-12-20 06:04:28 UTC,,,
0F6F6NM8T4GNKDWBRQWW7W7JRE,24.9,2409790,2022-12-20 06:04:58 UTC,,,
0F6F6NXBR1M13NVR4XV3KKBWTY,24.9,2409790,2022-12-20 06:05:28 UTC,,,
0F6F6P6GHM74YAQMSQ2842FGMH,24.9,2409790,2022-12-20 06:05:58 UTC,,,
0F6F6PFNGEDJ1CC7QZAJSBADST,24.9,2409790,2022-12-20 06:06:28 UTC,,,
0F6F6PRRG7FMSSV81M7MDHNT5R,24.9,2409790,2022-12-20 06:06:58 UTC,,,
0F6F6Q285KF0MPBGAHG1BNKY2K,25.0,2409790,2022-12-20 06:07:29 UTC,,,
0F6F6QBBPEKXTX81GYGZH2YPVM,25.0,2409790,2022-12-20 06:07:59 UTC,,,
0F6F6QMF5TQ4M37NCH6BCXP09Y,25.0,2409790,2022-12-20 06:08:28 UTC,,,
0F6F6QXJJTX0HQA21HJ3CZSTJ9,25.0,2409790,2022-12-20 06:08:58 UTC,,,
0F6F6R888G085KYYFBES8NX7RC,25.0,2409790,2022-12-20 06:09:33 UTC,,,
0F6F6RHBTZVEM23NKW9AGNM8JA,25.0,2409790,2022-12-20 06:10:03 UTC,,,
0F6F6RWA3ETKE3X4Y1HFEV5EC9,25.0,2409790,2022-12-20 06:10:39 UTC,,,
0F6F6S5DT1KBC0VXPW7R3Y3N76,25.0,2409790,2022-12-20 06:11:09 UTC,,,
0F6F6SEHC41RC11XJDACG6G157,25.1,2409790,2022-12-20 06:11:39 UTC,,,
0F6F6SQQPZR7YYVTFNV5RXXT9M,25.1,2409790,2022-12-20 06:12:09 UTC,,,
0F6F6T0VGAM1ZBYHFGYYE84DQQ,25.1,2409790,2022-12-20 06:12:39 UTC,,,
0F6F6T9XXQ5M234BRG4YTSY8RY,25.2,2409790,2022-12-20 06:13:08 UTC,,,
0F6F6TKH0TQ83DJ0WWSPNXG29C,25.2,2409790,2022-12-20 06:13:40 UTC,,,
0F6F6TWKV96GFQ69YQ5WBQ4EZ9,25.2,2409790,2022-12-20 06:14:10 UTC,,,
0F6F6V7F5J97WMFSYKRMHDKN83,25.2,2409790,2022-12-20 06:14:45 UTC,,,
0F6F6VGHQYZHRG2H8R3Z5GWHM5,25.2,2409790,2022-12-20 06:15:15 UTC,,,
0F6F6VSMG5EJMTWSQN8SPRHD96,25.2,2409790,2022-12-20 06:15:45 UTC,,,
0F6F6W2QDT0937JWGB3FJSXD70,25.2,2409790,2022-12-20 06:16:15 UTC,,,
0F6F6WBT7T43GX8HKGTCG1PZZT,25.2,2409790,2022-12-20 06:16:44 UTC,,,
0F6F6WMX8MW5WB9KGB4STQB33D,25.3,2409790,2022-12-20 06:17:14 UTC,,,
0F6F6WY0AN6QV3PEJBG9WB7Y5F,25.3,2409790,2022-12-20 06:17:44 UTC,,,
0F6F6X735Z3S2F0YE3F8PJB7V5,25.3,2409790,2022-12-20 06:18:14 UTC,,,
0F6F6XG5WY6FBFC2Z13ZM8T4HZ,25.3,2409790,2022-12-20 06:18:43 UTC,,,
0F6F6XSQTXFP1XPP0QZQVWKRFP,25.2,2409790,2022-12-20 06:19:15 UTC,,,
0F6F6Y2S3VCZY8M5QCRYAW6CRQ,25.2,2409790,2022-12-20 06:19:44 UTC,,,
0F6F6YBV4JXJW708M2SX0FZWD5,25.2,2409790,2022-12-20 06:20:14 UTC,,,
0F6F6YMZBB5Q0D0JR9PX9T5YBM,25.2,2409790,2022-12-20 06:20:44 UTC,,,
0F6F6YY2DZK6E6NWGFXSW7HAQ3,25.2,2409790,2022-12-20 06:21:14 UTC,,,
0F6F6Z740J0VCRBHBN97V9D9EV,25.2,2409790,2022-12-20 06:21:44 UTC,,,
0F6F7KG9NZC9WD16J23WJYRD1X,25.8,2409790,2022-12-20 06:57:11 UTC,,,
0F6F7KSDVCJ1VJGQZRBYP0FXWF,25.8,2409790,2022-12-20 06:57:41 UTC,,,
0F6F7M2K64Y9QRRDBSP8231FRH,25.8,2409790,2022-12-20 06:58:11 UTC,,,
0F6F7MBMZGRGG90MFA1VQTVVSM,25.8,2409790,2022-12-20 06:58:40 UTC,,,
0F6F7MMREY2P9HA77PD25C94DZ,25.8,2409790,2022-12-20 06:59:10 UTC,,,
0F6F7MY7BS2DECT3P7QSVPE2QD,25.8,2409790,2022-12-20 06:59:41 UTC,,,
0F6F7N7AMFREZTYAMRW009PE3C,25.8,2409790,2022-12-20 07:00:11 UTC,,,
0F6F7NGDEZ4YQCXP99FRQBTHX2,25.7,2409790,2022-12-20 07:00:41 UTC,,,
0F6F7NSFR2AXH2G421E7MK8DVK,25.7,2409790,2022-12-20 07:01:11 UTC,,,
0F6F7P2H2MK9HBH26JQ7AQV6FD,25.6,2409790,2022-12-20 07:01:40 UTC,,,
0F6F7PBKDNFP73GZGGY6PHB8N6,25.6,2409790,2022-12-20 07:02:10 UTC,,,
0F6F7PMMKD2PXQS9CMC590RJ79,25.5,2409790,2022-12-20 07:02:40 UTC,,,
0F6F7PXSKACTVT84X2JR2QFERA,25.5,2409790,2022-12-20 07:03:10 UTC,,,
0F6F7Q6WH87AX8W67GH53PPS7C,25.4,2409790,2022-12-20 07:03:39 UTC,,,
0F6F7QFZ18MA9JM833FRP064HP,25.4,2409790,2022-12-20 07:04:09 UTC,,,
0F6F7QS0MFQ92P6R7S8CCZKKHG,25.3,2409790,2022-12-20 07:04:39 UTC,,,
0F6F7R231V7YS0P5T7B6XMFG4N,25.2,2409790,2022-12-20 07:05:08 UTC,,,
0F6F7RB4SX5MB2DB9EMCF9PMNC,25.2,2409790,2022-12-20 07:05:38 UTC,,,
0F6F7RM6Z89EWXBDR4N50V3XGW,25.1,2409790,2022-12-20 07:06:08 UTC,,,
0F6F7RX94C59E8A9WDACK1CKCP,25.0,2409790,2022-12-20 07:06:38 UTC,,,
0F6F7S6DCWCWFJ0EY24ZPNF8TK,24.9,2409790,2022-12-20 07:07:07 UTC,,,
0F6F7SFF6ZPNMAQKZ0H4GJRHT1,24.9,2409790,2022-12-20 07:07:37 UTC,,,
0F6F7SRJADRD296F8QTPT20CGE,24.8,2409790,2022-12-20 07:08:07 UTC,,,
0F6F7T1K5F3SABDTZ0CV6ZGETQ,24.8,2409790,2022-12-20 07:08:37 UTC,,,
0F6F7TANA2SB8FXZZMN8BCPY2V,24.7,2409790,2022-12-20 07:09:06 UTC,,,
0F6F7TKPKH0MTVRSYTWPSGSGKG,24.7,2409790,2022-12-20 07:09:36 UTC,,,
0F6F7TWTSTKTHH8S5MQYB760NA,24.6,2409790,2022-12-20 07:10:06 UTC,,,
0F6F7V5Y3TJN6MXN22Z8B6DKHM,24.6,2409790,2022-12-20 07:10:36 UTC,,,
0F6F7VF0GEC220TTSDR0C40HSJ,24.6,2409790,2022-12-20 07:11:05 UTC,,,
0F6F7VR3N9ZBY69C7S0RGCXWJG,24.5,2409790,2022-12-20 07:11:35 UTC,,,
0F6F7W16K88QVGG4KXNDXDZ3AS,24.4,2409790,2022-12-20 07:12:05 UTC,,,
0F6F7WA95AFJTE3Z4WJ5NR0SY4,24.4,2409790,2022-12-20 07:12:35 UTC,,,
0F6F7WKC13PVT9R5CSTBJHJ9ZJ,24.4,2409790,2022-12-20 07:13:05 UTC,,,
0F6F7WWDWHEN7ZDWPBTS5VF96E,24.3,2409790,2022-12-20 07:13:34 UTC,,,
0F6F7X5JPP83YKF7K30SA4CPQY,24.4,2409790,2022-12-20 07:14:04 UTC,,,
0F6F7XENQYX8T6K7JHET34P32Q,24.4,2409790,2022-12-20 07:14:34 UTC,,,
0F6F7XQSA0VRYGH7DVZSE2SCPP,24.5,2409790,2022-12-20 07:15:04 UTC,,,
0F6F7Y0WF1DSN51MVWEVS43EJG,24.6,2409790,2022-12-20 07:15:34 UTC,,,
0F6F7YBEVBW8YGZEJ5HJE9E755,24.6,2409790,2022-12-20 07:16:08 UTC,,,
0F6F7YMHY43JAK0T0NAZMBHZFW,24.7,2409790,2022-12-20 07:16:38 UTC,,,
0F6F7YXNRJCK25WJXHHEA8HW11,24.7,2409790,2022-12-20 07:17:08 UTC,,,
0F6F7Z74SA4WNN3B3W5VJ78883,24.8,2409790,2022-12-20 07:17:39 UTC,,,
0F6F7ZGH06RSGM5HCXHW5S84VB,24.8,2409790,2022-12-20 07:18:10 UTC,,,
0F6F7ZSMQTC8T3TA0Z7DZFQ4ME,24.8,2409790,2022-12-20 07:18:40 UTC,,,
0F6F802R67411HDV5FBBF8M91Y,24.9,2409790,2022-12-20 07:19:09 UTC,,,
0F6F80BV8G5VRFTCGXFF52Z0FG,24.9,2409790,2022-12-20 07:19:39 UTC,,,
0F6F80MXMF9ZZMMMX1CSKT3N9W,24.9,2409790,2022-12-20 07:20:09 UTC,,,
0F6F80XZXKEKNVWZNJ186W3P98,24.9,2409790,2022-12-20 07:20:39 UTC,,,
0F6F8173HN182FPDMT2NM8PVBK,25.0,2409790,2022-12-20 07:21:09 UTC,,,
0F6F81G5W0BFSZN71QDNX9FM6H,25.0,2409790,2022-12-20 07:21:38 UTC,,,
0F6F81SAC9MF29KM1NSEFQVZ1S,25.0,2409790,2022-12-20 07:22:08 UTC,,,
0F6F822MMCZTSX4Q0FY9NJ2JYZ,25.0,2409790,2022-12-20 07:22:39 UTC,,,
0F6F82BQVCH0PMGVCKWGH2TYAW,25.0,2409790,2022-12-20 07:23:09 UTC,,,
0F6F82MRVT8DEDY0MVXFT0SWP3,25.0,2409790,2022-12-20 07:23:38 UTC,,,
0F6F82XVG17D9HET0KSD7YD5D0,25.0,2409790,2022-12-20 07:24:08 UTC,,,
0F6F836XBDQQHVBNBXRJWDNGKJ,25.0,2409790,2022-12-20 07:24:38 UTC,,,
0F6F83FZPN8QAD8Z2BEMA5FR1D,25.1,2409790,2022-12-20 07:25:07 UTC,,,
0F6F83S2Q8307QTAFVDWEKWHMV,25.1,2409790,2022-12-20 07:25:37 UTC,,,
0F6F8425F3D7JFE620DJSBEGXG,25.1,2409790,2022-12-20 07:26:07 UTC,,,
0F6F84B8ZSQB6NQR6RDEMNV4S0,25.1,2409790,2022-12-20 07:26:37 UTC,,,
0F6F84MBA3YTY55SMZR4W53TZ0,25.1,2409790,2022-12-20 07:27:07 UTC,,,
0F6F84XE01T3BRN1D3CEASHYQ6,25.1,2409790,2022-12-20 07:27:36 UTC,,,
0F6F856G74A3ZH429BB9PVQYJE,25.1,2409790,2022-12-20 07:28:06 UTC,,,
0F6F85FKQD2ZGCRJ542EAGFRK6,25.2,2409790,2022-12-20 07:28:36 UTC,,,
0F6F85RNZ9W3D80RG0NCHNBJ2M,25.2,2409790,2022-12-20 07:29:06 UTC,,,
0F6F861Y0JKQGVX2APHDFVEBB6,25.1,2409790,2022-12-20 07:29:36 UTC,,,
0F6F86B1XJJD98K1C10ZPD5FZ2,25.2,2409790,2022-12-20 07:30:06 UTC,,,
0F6F86M3GCQKE0G8YK6218ANWY,25.1,2409790,2022-12-20 07:30:36 UTC,,,
0F6F86X5NQCDB4Q4QWSJY903YQ,25.1,2409790,2022-12-20 07:31:05 UTC,,,
0F6F876C59QVTVV4T0WXG08J8D,25.1,2409790,2022-12-20 07:31:35 UTC,,,
0F6F87FE255RWDXAZAPKHTZD8H,25.1,2409790,2022-12-20 07:32:05 UTC,,,
0F6F8QKV5YCFBFBYQBMDQ64Z1Q,25.8,2409790,2022-12-20 08:00:17 UTC,,,
0F6F8QWYAE19QKNJ7V9BRD2ZW6,25.8,2409790,2022-12-20 08:00:47 UTC,,,
0F6F8R61HEBVB1BQV6A68CXZSC,25.8,2409790,2022-12-20 08:01:17 UTC,,,
0F6F8RF4MYZBW6S6MR3NJBTHF7,25.9,2409790,2022-12-20 08:01:47 UTC,,,
0F6F8RR75RME8CSX44B8R98GCT,25.9,2409790,2022-12-20 08:02:16 UTC,,,
0F6F8S1AC6BN7SHD2491Y9K1FV,25.9,2409790,2022-12-20 08:02:46 UTC,,,
0F6F8SAPCZ6GVDY65AEPS4SMJB,25.9,2409790,2022-12-20 08:03:17 UTC,,,
0F6F8SKRWXJNB1TTCK7AB8GGW3,25.9,2409790,2022-12-20 08:03:47 UTC,,,
0F6F8SWTVE5M1F11HFZS1AQ20Z,25.9,2409790,2022-12-20 08:04:16 UTC,,,
0F6F8T5WWQ34Y3A84DH410ETZZ,25.8,2409790,2022-12-20 08:04:46 UTC,,,
0F6F8TF0631X0MZGAYBVQPHVZZ,25.9,2409790,2022-12-20 08:05:16 UTC,,,
0F6F8TR3K9AF94J0AHQ9TSNRBV,25.9,2409790,2022-12-20 08:05:46 UTC,,,
0F6F8V14YVB33YY4E8XDHEJ7D5,26.0,2409790,2022-12-20 08:06:15 UTC,,,
0F6F8VA92K3V2CK8VGGSQK8Y6A,26.0,2409790,2022-12-20 08:06:45 UTC,,,
0F6F8VKD0WF67G7CNMY0J0GX5G,26.0,2409790,2022-12-20 08:07:15 UTC,,,
0F6F8VWG7P9HBJ7VERDY649Z5D,26.1,2409790,2022-12-20 08:07:45 UTC,,,
0F6F8W5JRZQ3CV16F5DXRKEDY5,26.1,2409790,2022-12-20 08:08:15 UTC,,,
0F6F8WEMWSC5WTFN3EASQ7XHNG,26.1,2409790,2022-12-20 08:08:44 UTC,,,
0F6F8WQR2KADAN277V87MJ0F2G,26.1,2409790,2022-12-20 08:09:14 UTC,,,
0F6F8X0VCXRD8CMFZ5PZXW72R6,26.1,2409790,2022-12-20 08:09:44 UTC,,,
0F6F8X9YA8T80EQ7YPD8XH6WWK,26.1,2409790,2022-12-20 08:10:14 UTC,,,
0F6F8XK015MQ1AKQDYA3XDPXP2,26.1,2409790,2022-12-20 08:10:44 UTC,,,
0F6F8XW0JE3PF3DJW3HQK1SNWM,26.1,2409790,2022-12-20 08:11:13 UTC,,,
0F6F8Y55TV021PNYQYG3GSTMGN,26.2,2409790,2022-12-20 08:11:43 UTC,,,
0F6F8YE92KZCPJHEFG70CY85F5,26.2,2409790,2022-12-20 08:12:13 UTC,,,
0F6F8YQBAXFE04BREJPXPVYHTF,26.2,2409790,2022-12-20 08:12:43 UTC,,,
0F6F8Z0ETWKRFQPP2QGCV6CWKP,26.2,2409790,2022-12-20 08:13:13 UTC,,,
0F6F8Z9HAZ6K1PA2FJ9PJ7VB2K,26.3,2409790,2022-12-20 08:13:42 UTC,,,
0F6F8ZJRYKPKX3B8XW96KA4KPD,26.3,2409790,2022-12-20 08:14:13 UTC,,,
0F6F8ZXDB8M5ZVFBR1EGPGBFJP,26.3,2409790,2022-12-20 08:14:47 UTC,,,
0F6F906G0KTQVHHTF4XWHM427Q,26.4,2409790,2022-12-20 08:15:17 UTC,,,
0F6F90FJ9HP5ATG5C6GC5PEYGQ,26.3,2409790,2022-12-20 08:15:47 UTC,,,
0F6F90RK1QJFC1B3P6595S8WZ8,26.3,2409790,2022-12-20 08:16:17 UTC,,,
0F6F911NBWS2B6A7WAJ39VPX67,26.2,2409790,2022-12-20 08:16:46 UTC,,,
0F6F91AQGY05JXQGVKQTSXHBBZ,26.2,2409790,2022-12-20 08:17:16 UTC,,,
0F6F91KT0RCARJ8KRZVJ5H3HG3,26.1,2409790,2022-12-20 08:17:46 UTC,,,
0F6F91WV0ZHNTH5P3HNS674FWF,26.1,2409790,2022-12-20 08:18:15 UTC,,,
0F6F925XW0ZVV5S208GYQZT8JB,26.0,2409790,2022-12-20 08:18:45 UTC,,,
0F6F92EYXYCH0D9GBAGCENG3HT,25.9,2409790,2022-12-20 08:19:15 UTC,,,
0F6F92R223EMJZRPCPX5T7SZHM,25.9,2409790,2022-12-20 08:19:44 UTC,,,
0F6F93194PAJR1N466QR10G76A,25.8,2409790,2022-12-20 08:20:15 UTC,,,
0F6F93AA0FNY0HDH3B7CR7WC53,25.8,2409790,2022-12-20 08:20:44 UTC,,,
0F6F93KBY472HCK6RJCX4Z2KNE,25.7,2409790,2022-12-20 08:21:14 UTC,,,
0F6F93WFB2FGN7P94DQYRXDQ1G,25.7,2409790,2022-12-20 08:21:44 UTC,,,
0F6F945JFV9GHN8E0J5J2Y8MKX,25.6,2409790,2022-12-20 08:22:14 UTC,,,
0F6F94EJRBSBDM89QCA34JH0P9,25.6,2409790,2022-12-20 08:22:43 UTC,,,
0F6F94QN0D0MN37BN95SGBD7K2,25.5,2409790,2022-12-20 08:23:13 UTC,,,
0F6F950QD05K1AZPWNGPWSX9QQ,25.5,2409790,2022-12-20 08:23:43 UTC,,,
0F6F95AN3714ZT70KS3DPHCD04,25.4,2409790,2022-12-20 08:24:15 UTC,,,
0F6F95KQD5M1XN42ZW6CHPCPVW,25.3,2409790,2022-12-20 08:24:45 UTC,,,
0F6F95WSXNKD34NAPCY78VR8NR,25.3,2409790,2022-12-20 08:25:15 UTC,,,
0F6F965W9AVZ24YHZS7Z8ZYBCC,25.3,2409790,2022-12-20 08:25:44 UTC,,,
0F6F96GZ8JC7DECM3KQCA110RW,25.2,2409790,2022-12-20 08:26:21 UTC,,,
0F6F96T2WM3FR631F06JANG9S2,25.2,2409790,2022-12-20 08:26:51 UTC,,,
0F6F9736ZE4GDTNW7S28JD4VM2,25.2,2409790,2022-12-20 08:27:20 UTC,,,
0F6F97C9V8NYASRJKS5QMN6H0V,25.1,2409790,2022-12-20 08:27:50 UTC,,,
0F6F97NCA87WN63GVR72DQTYG7,25.0,2409790,2022-12-20 08:28:20 UTC,,,
0F6F97YGSGXXR1SETF2056GE6N,24.9,2409790,2022-12-20 08:28:50 UTC,,,
0F6F9896VGYXA9XBHQTFE9MDAY,24.9,2409790,2022-12-20 08:29:25 UTC,,,
0F6F98JK9F11F2PPBEJQ99BKJ0,24.9,2409790,2022-12-20 08:29:56 UTC,,,
0F6F98VQ3PTWFF3PGJHJXSA2WP,24.8,2409790,2022-12-20 08:30:26 UTC,,,
